Date,CDS
2007-05-14,NaN
2007-05-15,NaN
2007-05-16,NaN
2007-05-17,NaN
2007-05-18,NaN
2007-05-21,NaN
2007-05-22,NaN
2007-05-23,NaN
2007-05-24,NaN
2007-05-25,NaN
2007-05-29,NaN
2007-05-30,NaN
2007-05-31,NaN
2007-06-01,NaN
2007-06-04,NaN
2007-06-05,NaN
2007-06-06,NaN
2007-06-07,NaN
2007-06-08,NaN
2007-06-11,NaN
2007-06-12,NaN
2007-06-13,NaN
2007-06-14,NaN
2007-06-15,NaN
2007-06-18,NaN
2007-06-19,NaN
2007-06-20,NaN
2007-06-21,NaN
2007-06-22,NaN
2007-06-25,NaN
2007-06-26,NaN
2007-06-27,NaN
2007-06-28,NaN
2007-06-29,NaN
2007-07-02,NaN
2007-07-03,NaN
2007-07-05,NaN
2007-07-06,NaN
2007-07-09,NaN
2007-07-10,NaN
2007-07-11,NaN
2007-07-12,NaN
2007-07-13,NaN
2007-07-16,NaN
2007-07-17,NaN
2007-07-18,NaN
2007-07-19,NaN
2007-07-20,NaN
2007-07-23,NaN
2007-07-24,NaN
2007-07-25,NaN
2007-07-26,NaN
2007-07-27,NaN
2007-07-30,NaN
2007-07-31,NaN
2007-08-01,NaN
2007-08-02,NaN
2007-08-03,NaN
2007-08-06,NaN
2007-08-07,NaN
2007-08-08,NaN
2007-08-09,NaN
2007-08-10,NaN
2007-08-13,NaN
2007-08-14,NaN
2007-08-15,NaN
2007-08-16,NaN
2007-08-17,NaN
2007-08-20,NaN
2007-08-21,NaN
2007-08-22,NaN
2007-08-23,NaN
2007-08-24,NaN
2007-08-27,NaN
2007-08-28,NaN
2007-08-29,NaN
2007-08-30,NaN
2007-08-31,61.19498719680988
2007-09-04,61.0571318999872
2007-09-05,60.05734665000549
2007-09-06,60.818993316622176
2007-09-07,59.299778751972525
2007-09-10,56.95516650643693
2007-09-11,58.45121709697704
2007-09-12,55.98608942903327
2007-09-13,56.56166159386553
2007-09-14,56.18028266990492
2007-09-17,53.11042448415049
2007-09-18,53.57566739528197
2007-09-19,52.537014875534396
2007-09-20,53.32343142657997
2007-09-21,54.04775686041354
2007-09-24,54.30788583358992
2007-09-25,54.963269633049414
2007-09-26,55.45408691971895
2007-09-27,51.90988656605043
2007-09-28,40.17690142425306
2007-10-01,40.59516074607564
2007-10-02,39.67511202793406
2007-10-03,38.74687584931894
2007-10-04,36.52897114187347
2007-10-05,36.50271210670625
2007-10-08,36.51383289005242
2007-10-09,36.4277979291149
2007-10-10,36.42964509713246
2007-10-11,37.025202931250625
2007-10-12,36.74716403788396
2007-10-15,35.3746122855904
2007-10-16,33.6580915725145
2007-10-17,33.965433044601355
2007-10-18,31.734179643059907
2007-10-19,31.107647864944443
2007-10-22,32.015708722798145
2007-10-23,32.91120312198751
2007-10-24,31.491006911420172
2007-10-25,30.201365122538352
2007-10-26,31.187342502598188
2007-10-29,30.22358110976052
2007-10-30,29.780355861625395
2007-10-31,26.07715249490724
2007-11-01,25.163787993308112
2007-11-02,24.346595676638252
2007-11-05,24.244460332048995
2007-11-06,28.606656704966184
2007-11-07,25.820580479031094
2007-11-08,24.447476398002863
2007-11-09,23.57282218248342
2007-11-12,23.874661563493518
2007-11-13,25.737943136381
2007-11-14,25.719504802896452
2007-11-15,24.993052131208525
2007-11-16,24.28440039666575
2007-11-19,23.37206774328533
2007-11-20,23.12467328862842
2007-11-21,22.27414880080513
2007-11-23,22.7141156573419
2007-11-26,22.021092350692975
2007-11-27,22.671527563411182
2007-11-28,22.85766720412215
2007-11-29,22.713988701330436
2007-11-30,34.34152034357059
2007-12-03,34.063900730160746
2007-12-04,33.209219330570626
2007-12-05,33.71040116567453
2007-12-06,34.04305517356174
2007-12-07,33.815895740652586
2007-12-10,33.887773420100935
2007-12-11,31.939795175936247
2007-12-12,31.834162727628605
2007-12-13,30.760232042726173
2007-12-14,29.847210701181982
2007-12-17,29.95505195099798
2007-12-18,31.66407581070688
2007-12-19,30.124601097356013
2007-12-20,31.960870266082086
2007-12-21,33.51771178666593
2007-12-24,33.40697053301262
2007-12-26,33.34210139260492
2007-12-27,30.51753218036855
2007-12-28,31.35673737834453
2007-12-31,27.540190496148526
2008-01-02,25.805060501760423
2008-01-03,25.76883684841946
2008-01-04,24.732194047039943
2008-01-07,25.696209079870094
2008-01-08,24.909049171323126
2008-01-09,25.096411084035616
2008-01-10,25.49466567470455
2008-01-11,23.530366620742868
2008-01-14,23.73760622912143
2008-01-15,23.38416389209359
2008-01-16,23.60730232247485
2008-01-17,24.60986491686383
2008-01-18,24.04893808728574
2008-01-22,23.819998211012617
2008-01-23,25.25769246479461
2008-01-24,23.71001276595273
2008-01-25,23.340082097222172
2008-01-28,23.14513088489424
2008-01-29,23.639436705130116
2008-01-30,22.410165220041428
2008-01-31,22.740528216467016
2008-02-01,23.18851811794464
2008-02-04,22.51205487916904
2008-02-05,22.09109996526378
2008-02-06,22.85856065665378
2008-02-07,23.293193227204863
2008-02-08,22.65902016943628
2008-02-11,22.31484895584405
2008-02-12,22.23615452255571
2008-02-13,22.12604637597283
2008-02-14,21.11311986722228
2008-02-15,21.259484220527014
2008-02-19,20.691987682114657
2008-02-20,20.293611679075983
2008-02-21,20.7514716158344
2008-02-22,21.26529711494948
2008-02-25,21.40102174825612
2008-02-26,22.90527188625911
2008-02-27,22.012039768016187
2008-02-28,20.898404339972092
2008-02-29,20.70644776502088
2008-03-03,20.409585775117062
2008-03-04,20.417968540583974
2008-03-05,20.274115792005098
2008-03-06,19.050305164075244
2008-03-07,19.758107721623333
2008-03-10,19.143400986051883
2008-03-11,19.252712778220776
2008-03-12,19.26025813815909
2008-03-13,19.227580325601444
2008-03-14,18.521036838667133
2008-03-17,18.92377707472302
2008-03-18,18.98963742649968
2008-03-19,18.489305235867697
2008-03-20,21.170739034088996
2008-03-24,21.50701607284079
2008-03-25,20.91325540113599
2008-03-26,19.59988123728185
2008-03-27,19.64545452559962
2008-03-28,18.82031991115032
2008-03-31,18.44205696899387
2008-04-01,19.749805448038554
2008-04-02,19.527133262979085
2008-04-03,18.68527332870446
2008-04-04,18.571297112785444
2008-04-07,18.1130188942474
2008-04-08,18.030136198096514
2008-04-09,17.05116702872398
2008-04-10,17.120057645649744
2008-04-11,15.65902764611084
2008-04-14,15.350797770283206
2008-04-15,14.54922110910969
2008-04-16,14.717187039179423
2008-04-17,14.612778170422327
2008-04-18,15.23635743620668
2008-04-21,15.104343367443558
2008-04-22,14.728980870849568
2008-04-23,14.845665088039878
2008-04-24,15.079864733073578
2008-04-25,14.347942678863404
2008-04-28,14.054423742691736
2008-04-29,15.035997444493157
2008-04-30,14.825675684521894
2008-05-01,15.456234120733127
2008-05-02,14.884435379186744
2008-05-05,13.506333438369142
2008-05-06,14.036424574709375
2008-05-07,13.197138241690618
2008-05-08,13.087218846531806
2008-05-09,12.713814727506998
2008-05-12,13.670144364484148
2008-05-13,13.265222331014442
2008-05-14,13.600733670759446
2008-05-15,13.7767370313329
2008-05-16,13.660059279148626
2008-05-19,13.585247824108212
2008-05-20,11.379845186539134
2008-05-21,11.380514357567504
2008-05-22,11.415481906957522
2008-05-23,11.331152552029623
2008-05-27,11.496456726077437
2008-05-28,11.211596965965692
2008-05-29,11.41938866638385
2008-05-30,12.295057182490346
2008-06-02,11.940992756591168
2008-06-03,11.710889593285831
2008-06-04,11.763634570976258
2008-06-05,11.656211072213093
2008-06-06,10.692599821204933
2008-06-09,10.767330478572461
2008-06-10,11.233303997087443
2008-06-11,10.93295639886088
2008-06-12,11.448221027536214
2008-06-13,11.280323242347357
2008-06-16,10.794156278386165
2008-06-17,10.521349250792813
2008-06-18,10.283128084041804
2008-06-19,10.665069906436415
2008-06-20,11.353057507170139
2008-06-23,11.048411609972552
2008-06-24,11.415252499476214
2008-06-25,11.62370652824833
2008-06-26,11.046621665523773
2008-06-27,10.82996521136332
2008-06-30,10.556936319515176
2008-07-01,10.456549514911305
2008-07-02,10.23309023637987
2008-07-03,10.35227677142728
2008-07-07,10.27975706602746
2008-07-08,10.637166956371063
2008-07-09,10.244570792536464
2008-07-10,9.161924144054678
2008-07-11,8.828872103639899
2008-07-14,8.370746637668653
2008-07-15,8.587087134100658
2008-07-16,9.067531069079608
2008-07-17,9.753186861645185
2008-07-18,9.757147010701447
2008-07-21,9.549453121254716
2008-07-22,10.093177323332133
2008-07-23,10.940549010123561
2008-07-24,10.864012166034165
2008-07-25,10.855022253119024
2008-07-28,10.946312991137084
2008-07-29,13.907823017099789
2008-07-30,13.105882871239213
2008-07-31,17.718321251655116
2008-08-01,17.657174397145187
2008-08-04,19.095468213278256
2008-08-05,20.817545737621014
2008-08-06,19.34172846739153
2008-08-07,19.57916734973723
2008-08-08,21.014902930864693
2008-08-11,22.21228683292468
2008-08-12,22.347507794638346
2008-08-13,20.72279494065191
2008-08-14,22.105510636934515
2008-08-15,22.68347708743035
2008-08-18,22.224868984671822
2008-08-19,20.424428046365513
2008-08-20,19.559114438030623
2008-08-21,18.89775285439556
2008-08-22,19.865098699067566
2008-08-25,19.269951091554137
2008-08-26,19.141573724892602
2008-08-27,19.543846975210457
2008-08-28,20.669549204150712
2008-08-29,21.26764200283806
2008-09-02,22.259338166143745
2008-09-03,22.828057263464142
2008-09-04,22.274897057947648
2008-09-05,21.776454997475824
2008-09-08,24.324552854180585
2008-09-09,26.483570964584374
2008-09-10,25.30780076936643
2008-09-11,25.3062096297795
2008-09-12,23.129630291464053
2008-09-15,23.40267138531087
2008-09-16,22.834945187967282
2008-09-17,22.276179696477143
2008-09-18,21.911488736300807
2008-09-19,21.70086446580807
2008-09-22,19.692085272383075
2008-09-23,19.991313411222375
2008-09-24,19.11020637353821
2008-09-25,19.800311919410124
2008-09-26,20.666226641301343
2008-09-29,20.66135165176159
2008-09-30,23.534761331630893
2008-10-01,23.336726735531116
2008-10-02,25.966740464662678
2008-10-03,26.338779341514588
2008-10-06,24.51435668166041
2008-10-07,25.549872425866585
2008-10-08,25.464334731056447
2008-10-09,26.212095807275496
2008-10-10,28.203246763660616
2008-10-13,25.133299867600375
2008-10-14,25.69936746180202
2008-10-15,27.580739179664345
2008-10-16,26.662928550535288
2008-10-17,24.409639152177004
2008-10-20,24.49814302167275
2008-10-21,24.675927370168036
2008-10-22,26.091969104364885
2008-10-23,25.498590676325023
2008-10-24,25.21423726953406
2008-10-27,23.839775142714497
2008-10-28,24.920552322069433
2008-10-29,23.08077875881382
2008-10-30,19.991009011777592
2008-10-31,22.958273606699418
2008-11-03,25.469859164507753
2008-11-04,25.165699499716823
2008-11-05,24.98702196853667
2008-11-06,30.22303844500107
2008-11-07,31.74350489630307
2008-11-10,30.49544326405926
2008-11-11,30.89225711806383
2008-11-12,34.27903032209387
2008-11-13,30.684584843143913
2008-11-14,32.110277635044625
2008-11-17,32.45392989628866
2008-11-18,30.848973866538437
2008-11-19,32.486202694047435
2008-11-20,41.05779214807283
2008-11-21,36.90780606729443
2008-11-24,36.68592171209806
2008-11-25,39.44188784282469
2008-11-26,37.780492155313915
2008-11-28,40.301643856419666
2008-12-01,43.05673368625131
2008-12-02,41.719467092202756
2008-12-03,42.439607768285924
2008-12-04,48.505828177696245
2008-12-05,56.47496072260807
2008-12-08,52.48308446132442
2008-12-09,46.50917313193316
2008-12-10,38.264894054834684
2008-12-11,37.70844930097549
2008-12-12,40.02315239437158
2008-12-15,38.54315038957537
2008-12-16,39.42288651075275
2008-12-17,39.41950102894669
2008-12-18,43.442049864836136
2008-12-19,39.85483421142072
2008-12-22,40.95473203912868
2008-12-23,41.3715127379744
2008-12-24,40.15647907756095
2008-12-26,38.446046944379844
2008-12-29,37.37720269592325
2008-12-30,38.07388182026489
2008-12-31,39.82840641310001
2009-01-02,38.64783944392472
2009-01-05,36.615198738919155
2009-01-06,35.424277774247805
2009-01-07,36.713081520321424
2009-01-08,37.56330658360177
2009-01-09,37.420216709120396
2009-01-12,40.09499505116308
2009-01-13,38.58966173321082
2009-01-14,38.82831574865043
2009-01-15,40.09972893990586
2009-01-16,41.2181931061021
2009-01-20,43.955361425086814
2009-01-21,40.61255524197539
2009-01-22,41.45598584913437
2009-01-23,39.26171983417576
2009-01-26,37.62687997053982
2009-01-27,38.90545700525017
2009-01-28,39.009022439406515
2009-01-29,39.73732228230921
2009-01-30,41.16193231985784
2009-02-02,41.006077471344845
2009-02-03,40.645352327849096
2009-02-04,38.91329499592189
2009-02-05,41.950150564355795
2009-02-06,40.99598198289832
2009-02-09,41.83415976631818
2009-02-10,41.669755889050556
2009-02-11,43.7924630166424
2009-02-12,43.22479224280808
2009-02-13,41.81819679952924
2009-02-17,46.43658319576843
2009-02-18,49.76184584162826
2009-02-19,47.71225803368025
2009-02-20,48.56546125442089
2009-02-23,51.28103017798215
2009-02-24,50.78203447902616
2009-02-25,50.28853263506627
2009-02-26,46.50154466206313
2009-02-27,50.267046782201554
2009-03-02,54.88439602681338
2009-03-03,52.6793851680291
2009-03-04,50.15492456108142
2009-03-05,52.69762065300681
2009-03-06,53.7245559478199
2009-03-09,50.54840848698132
2009-03-10,46.66458316577423
2009-03-11,46.92502285043068
2009-03-12,43.674575288890786
2009-03-13,44.166245486360374
2009-03-16,44.115642847807074
2009-03-17,42.66986623101608
2009-03-18,40.837107739388294
2009-03-19,37.089171038946915
2009-03-20,36.81900746175084
2009-03-23,36.22251856145938
2009-03-24,37.27557409275513
2009-03-25,38.41958847164248
2009-03-26,40.10288142414815
2009-03-27,40.79501495237702
2009-03-30,42.31369540185122
2009-03-31,42.63998161232971
2009-04-01,40.65637075092215
2009-04-02,39.31750293022068
2009-04-03,38.33931809494338
2009-04-06,39.5098362768474
2009-04-07,39.90513326255388
2009-04-08,39.027408236802806
2009-04-09,39.25544901604518
2009-04-13,41.34549351827077
2009-04-14,40.895772463353374
2009-04-15,42.18242258564848
2009-04-16,41.11260938048061
2009-04-17,41.43379215896785
2009-04-20,42.596729260555236
2009-04-21,41.86849465209101
2009-04-22,42.787517367823526
2009-04-23,42.89305322636416
2009-04-24,42.02774580611842
2009-04-27,43.56481570505856
2009-04-28,43.45310159884941
2009-04-29,42.01442454177056
2009-04-30,43.63661740048189
2009-05-01,41.37073037723403
2009-05-04,39.63076820361151
2009-05-05,40.43307845684442
2009-05-06,37.01672950994059
2009-05-07,37.37898362694495
2009-05-08,35.94302743102251
2009-05-11,38.03570375618537
2009-05-12,37.45802875653515
2009-05-13,39.166992418580485
2009-05-14,38.85671366392691
2009-05-15,39.97017693910626
2009-05-18,39.58945663877453
2009-05-19,38.250133544852496
2009-05-20,37.537999944391366
2009-05-21,39.18984390979516
2009-05-22,39.64507217560356
2009-05-26,40.85053129204403
2009-05-27,39.38141457117036
2009-05-28,37.474695068306254
2009-05-29,37.59442124397198
2009-06-01,36.72149307895255
2009-06-02,36.60454801213276
2009-06-03,38.64683165142855
2009-06-04,37.09061963592166
2009-06-05,36.871053321349734
2009-06-08,38.33082339010057
2009-06-09,37.136761608882146
2009-06-10,36.56668347912735
2009-06-11,37.45588720795634
2009-06-12,37.695572868271505
2009-06-15,38.17721796978147
2009-06-16,39.38531739816582
2009-06-17,40.80147784192644
2009-06-18,41.30876451642781
2009-06-19,42.34781987872691
2009-06-22,45.107764875727796
2009-06-23,44.16511208292855
2009-06-24,43.66552359342913
2009-06-25,42.746068394583865
2009-06-26,43.942338339585326
2009-06-29,43.77187800974752
2009-06-30,43.92616410920045
2009-07-01,44.26501873445913
2009-07-02,45.9625349845172
2009-07-06,51.12695020298659
2009-07-07,48.641536336626174
2009-07-08,47.48348289501661
2009-07-09,48.52312477547346
2009-07-10,48.848109847839105
2009-07-13,50.36851961828126
2009-07-14,49.79058872921315
2009-07-15,48.395157845916735
2009-07-16,46.30099982682249
2009-07-17,45.910512106060786
2009-07-20,45.45270339459416
2009-07-21,45.42243772291978
2009-07-22,44.61070797706895
2009-07-23,44.287617436441025
2009-07-24,44.61302717153015
2009-07-27,44.57305188685782
2009-07-28,43.955508510839216
2009-07-29,44.83682711632847
2009-07-30,44.07312637760852
2009-07-31,40.74801080989991
2009-08-03,40.730520871508375
2009-08-04,41.64059684138339
2009-08-05,39.563282890648566
2009-08-06,35.79397725562775
2009-08-07,38.000305431308696
2009-08-10,37.07140584111153
2009-08-11,37.03331888746709
2009-08-12,37.3542160640797
2009-08-13,36.856545950489
2009-08-14,37.100942819769685
2009-08-17,38.05015358601913
2009-08-18,38.162628737673
2009-08-19,38.19337183126219
2009-08-20,38.264021880293086
2009-08-21,38.072157921556574
2009-08-24,37.24771565625059
2009-08-25,38.93201458379954
2009-08-26,39.38687265566901
2009-08-27,39.47749264458552
2009-08-28,37.967275028571216
2009-08-31,38.4275848632803
2009-09-01,38.31653587515375
2009-09-02,38.33889650649639
2009-09-03,37.980317094746795
2009-09-04,38.870250024385804
2009-09-08,37.443035539726914
2009-09-09,38.63148556548317
2009-09-10,37.37545453062694
2009-09-11,36.64501477032508
2009-09-14,36.7837366372921
2009-09-15,37.907160857528126
2009-09-16,38.34873796678355
2009-09-17,40.95284545441866
2009-09-18,39.64567371911724
2009-09-21,38.89540462131614
2009-09-22,39.84269538567819
2009-09-23,40.72495738562871
2009-09-24,41.49530594498589
2009-09-25,41.267422643908404
2009-09-28,41.319504703714315
2009-09-29,45.91189925796829
2009-09-30,41.264138415918744
2009-10-01,40.976253499851204
2009-10-02,42.434438276318815
2009-10-05,43.017988879392504
2009-10-06,44.9038031728373
2009-10-07,48.712233340714995
2009-10-08,49.49049539589532
2009-10-09,55.80342533590508
2009-10-12,57.06675630013828
2009-10-13,49.07576502946889
2009-10-14,50.647957938684186
2009-10-15,58.43040271755758
2009-10-16,54.01772299122914
2009-10-19,54.31309982078413
2009-10-20,49.46693540626859
2009-10-21,50.89490150078764
2009-10-22,57.047524948759424
2009-10-23,56.071322381219126
2009-10-26,59.15524619262965
2009-10-27,62.092887003530684
2009-10-28,54.41877849769541
2009-10-29,56.65050044364578
2009-10-30,48.59366121276336
2009-11-02,47.94401437106113
2009-11-03,47.312881169921035
2009-11-04,44.49928346802584
2009-11-05,48.39746612059503
2009-11-06,54.46325109790299
2009-11-09,52.946725475952064
2009-11-10,53.90716950789004
2009-11-11,56.74844808860914
2009-11-12,61.962802896938356
2009-11-13,56.58431462095787
2009-11-16,60.19972337951596
2009-11-17,62.961261737518164
2009-11-18,61.90550579409567
2009-11-19,68.70136138428008
2009-11-20,78.73767700821618
2009-11-23,72.10037999870448
2009-11-24,64.36825408084829
2009-11-25,62.977631453590526
2009-11-27,58.90709927207928
2009-11-30,47.3893712266514
2009-12-01,55.1198761073447
2009-12-02,52.356575325634616
2009-12-03,50.19172118251881
2009-12-04,53.28490515924981
2009-12-07,49.6609514229684
2009-12-08,47.747810944414624
2009-12-09,49.806753920632396
2009-12-10,48.5333172695355
2009-12-11,51.722692280785516
2009-12-14,50.38996391126747
2009-12-15,50.19741099586646
2009-12-16,45.79479275316619
2009-12-17,45.23035003501655
2009-12-18,46.83001416822567
2009-12-21,48.4322952376508
2009-12-22,50.15975285327863
2009-12-23,51.087506242350685
2009-12-24,50.653509449227855
2009-12-28,50.49117823206652
2009-12-29,50.72937471777548
2009-12-30,49.23983556704131
2009-12-31,42.255461852741234
2010-01-04,39.16761618953517
2010-01-05,40.15831689920475
2010-01-06,39.7258605682149
2010-01-07,42.54801511943745
2010-01-08,42.929254026671074
2010-01-11,45.24828386509046
2010-01-12,46.715491337243776
2010-01-13,46.803929318222856
2010-01-14,49.61082633510028
2010-01-15,50.50635302006788
2010-01-19,51.16114472841631
2010-01-20,56.20010067022803
2010-01-21,50.83510276683815
2010-01-22,52.156858942113885
2010-01-25,50.3698406098855
2010-01-26,50.11458602584496
2010-01-27,49.949473225401
2010-01-28,46.44833304831512
2010-01-29,46.21145782743702
2010-02-01,46.85656010818185
2010-02-02,47.55805903704481
2010-02-03,46.547290901148415
2010-02-04,46.3162655120181
2010-02-05,45.63152761240656
2010-02-08,43.04306294700686
2010-02-09,43.62749083591424
2010-02-10,47.33439841577267
2010-02-11,46.89430659743785
2010-02-12,46.933802281494096
2010-02-16,48.26489884498693
2010-02-17,52.734361183054844
2010-02-18,52.923525040729906
2010-02-19,54.26808592879345
2010-02-22,55.7322707393139
2010-02-23,60.35802793177553
2010-02-24,57.263779766351256
2010-02-25,60.397373782049215
2010-02-26,58.613575836891606
2010-03-01,61.74016501484944
2010-03-02,68.66571820944084
2010-03-03,69.81896374470813
2010-03-04,67.63755242036257
2010-03-05,76.04331004085137
2010-03-08,74.62700319299452
2010-03-09,77.01196599040054
2010-03-10,68.15471429862411
2010-03-11,68.30424532221248
2010-03-12,62.97230452781768
2010-03-15,62.56107804651632
2010-03-16,64.31343784527456
2010-03-17,60.5261959587143
2010-03-18,59.00088168763465
2010-03-19,61.53812738018859
2010-03-22,66.433757820462
2010-03-23,59.7993594794832
2010-03-24,62.03277397042449
2010-03-25,63.175646760561506
2010-03-26,60.34163585339968
2010-03-29,58.19815652050147
2010-03-30,62.41236811421303
2010-03-31,53.48376717293678
2010-04-01,50.9482484956529
2010-04-05,47.380845037761375
2010-04-06,49.0142355386667
2010-04-07,50.949474138255425
2010-04-08,49.01896408606705
2010-04-09,46.02383607202806
2010-04-12,46.29975802218887
2010-04-13,46.684612541321535
2010-04-14,48.81725972340483
2010-04-15,47.82003679740403
2010-04-16,46.394570647733836
2010-04-19,46.836093294927394
2010-04-20,50.873707708124364
2010-04-21,48.895888615928584
2010-04-22,49.790546082700025
2010-04-23,47.78973714408401
2010-04-26,45.555656984630055
2010-04-27,45.72860182291873
2010-04-28,45.97709881504148
2010-04-29,44.31912133504785
2010-04-30,39.7114619079639
2010-05-03,38.974131213434106
2010-05-04,35.7618438921604
2010-05-05,41.258206201030404
2010-05-06,39.29442803010885
2010-05-07,39.7448268940164
2010-05-10,38.34729750800079
2010-05-11,39.834047027061274
2010-05-12,40.09596088610337
2010-05-13,41.9876321228736
2010-05-14,40.793168016576956
2010-05-17,42.461610953901015
2010-05-18,39.62820166647117
2010-05-19,39.53267581849249
2010-05-20,39.32719857991896
2010-05-21,39.74366520175653
2010-05-24,39.806817534894975
2010-05-25,39.04139602032293
2010-05-26,36.13467261825076
2010-05-27,37.079097770447774
2010-05-28,33.353923536799364
2010-06-01,31.195867459578565
2010-06-02,29.936602475961337
2010-06-03,30.83858084938954
2010-06-04,30.335855229835026
2010-06-07,29.474934710055784
2010-06-08,28.87863675319871
2010-06-09,28.160280042933902
2010-06-10,28.17551347525989
2010-06-11,28.42381964012819
2010-06-14,28.251660346515248
2010-06-15,30.160795375866368
2010-06-16,30.795898553979615
2010-06-17,31.661180629503505
2010-06-18,31.210822551448796
2010-06-21,32.24104249315127
2010-06-22,33.62547305337224
2010-06-23,33.378710066201286
2010-06-24,32.10290216883871
2010-06-25,30.50580376427577
2010-06-28,30.85969002213464
2010-06-29,29.963084165411026
2010-06-30,29.67987179570196
2010-07-01,29.951804126078425
2010-07-02,31.136300619045237
2010-07-06,31.16938219420203
2010-07-07,33.20639985754069
2010-07-08,33.72364938654273
2010-07-09,34.903849601711606
2010-07-12,34.60788464204212
2010-07-13,33.60088747188144
2010-07-14,33.174462472124695
2010-07-15,32.09033781026827
2010-07-16,30.707561102445872
2010-07-19,31.22868418627128
2010-07-20,30.124126085961162
2010-07-21,29.551300677676718
2010-07-22,29.954959957374363
2010-07-23,29.386236229559845
2010-07-26,29.6811246848894
2010-07-27,30.020491849988016
2010-07-28,29.499685156308892
2010-07-29,29.472809687677742
2010-07-30,25.04503228235653
2010-08-02,24.908776074449815
2010-08-03,23.92643426568017
2010-08-04,28.114052423607127
2010-08-05,28.458416823798554
2010-08-06,29.17413725165817
2010-08-09,29.003516764059874
2010-08-10,29.466702999991277
2010-08-11,28.99575612623584
2010-08-12,28.538224736350905
2010-08-13,28.32664753893529
2010-08-16,29.15424894750537
2010-08-17,30.457624125889065
2010-08-18,29.830105776368068
2010-08-19,29.238164232636006
2010-08-20,29.176461411249438
2010-08-23,28.075129544323403
2010-08-24,28.373364166239774
2010-08-25,28.49844250982847
2010-08-26,28.01997115898117
2010-08-27,28.108163825526574
2010-08-30,27.401577036352872
2010-08-31,28.09463898099303
2010-09-01,29.458745363077078
2010-09-02,29.4791574775778
2010-09-03,29.247513955949213
2010-09-07,28.47882828400693
2010-09-08,28.038254541289607
2010-09-09,28.364432520370443
2010-09-10,28.065127927159182
2010-09-13,27.947177743447668
2010-09-14,27.395234749647837
2010-09-15,27.204216797913904
2010-09-16,27.222792482533773
2010-09-17,27.507780482481515
2010-09-20,29.153908960931116
2010-09-21,28.885793126560817
2010-09-22,27.93165273626714
2010-09-23,28.039427084737067
2010-09-24,29.093440107402202
2010-09-27,28.67853971864633
2010-09-28,27.918289406955292
2010-09-29,27.684624801023208
2010-09-30,25.669208830881566
2010-10-01,26.26634832049878
2010-10-04,26.34351723714314
2010-10-05,25.780527047555324
2010-10-06,25.078663408689117
2010-10-07,24.835516407150536
2010-10-08,24.70930885147546
2010-10-11,24.007489009302045
2010-10-12,25.16807757856544
2010-10-13,25.828709143148778
2010-10-14,25.038551076774045
2010-10-15,25.008409083827356
2010-10-18,25.597110655822124
2010-10-19,25.308962570998155
2010-10-20,25.716203866362765
2010-10-21,26.00463683046166
2010-10-22,25.225675357371642
2010-10-25,26.031954731914873
2010-10-26,26.531238363227487
2010-10-27,26.708120157734456
2010-10-28,27.2106479522944
2010-10-29,24.87714707694618
2010-11-01,25.480268800396697
2010-11-02,25.087533863826085
2010-11-03,29.43374915485089
2010-11-04,30.27682769955094
2010-11-05,29.701171693782054
2010-11-08,29.355770363707414
2010-11-09,27.633692164803882
2010-11-10,27.943006937147082
2010-11-11,27.461368707033337
2010-11-12,28.05171746077229
2010-11-15,27.507632971142336
2010-11-16,26.151954503686945
2010-11-17,25.878505634113687
2010-11-18,26.130628611351234
2010-11-19,25.58246467956614
2010-11-22,24.907402437624768
2010-11-23,24.24683245797429
2010-11-24,24.702834727144612
2010-11-26,24.25890523739119
2010-11-29,24.97593046524878
2010-11-30,25.6677027005552
2010-12-01,25.551687672367287
2010-12-02,25.68951169883334
2010-12-03,25.754255352586977
2010-12-06,24.936247531384005
2010-12-07,24.779277101652188
2010-12-08,25.71738013680804
2010-12-09,25.711382245046977
2010-12-10,25.600139207654657
2010-12-13,25.059004497147026
2010-12-14,25.213829934302943
2010-12-15,25.364484605366346
2010-12-16,25.562178719182484
2010-12-17,26.474240838000036
2010-12-20,27.124405504005743
2010-12-21,26.50538216907925
2010-12-22,26.418734775169504
2010-12-23,26.195709412443588
2010-12-27,26.63446231519666
2010-12-28,26.64199936809786
2010-12-29,26.234392416589152
2010-12-30,26.141954962571006
2010-12-31,25.63071013830734
2011-01-03,26.298011174595374
2011-01-04,26.095937542564467
2011-01-05,25.777843817583953
2011-01-06,26.156061219761284
2011-01-07,25.523577491705648
2011-01-10,24.634264162263932
2011-01-11,23.599426799625135
2011-01-12,24.513171130067672
2011-01-13,24.526028232941524
2011-01-14,24.302129001267822
2011-01-18,24.770774595904566
2011-01-19,23.825277708277525
2011-01-20,24.514183563070766
2011-01-21,25.648729203530017
2011-01-24,27.09677362582755
2011-01-25,27.618310995580526
2011-01-26,27.384350250308206
2011-01-27,27.265402392131122
2011-01-28,26.029300395113417
2011-01-31,25.152335345472032
2011-02-01,25.518945863963687
2011-02-02,24.63845370895696
2011-02-03,24.87777568151537
2011-02-04,27.24187899071897
2011-02-07,27.69046988661871
2011-02-08,28.140045332374367
2011-02-09,27.916105393602184
2011-02-10,27.810197271011145
2011-02-11,27.926860368932648
2011-02-14,27.712981117046482
2011-02-15,28.06471336841829
2011-02-16,27.277493906537135
2011-02-17,26.960742153889413
2011-02-18,26.520814462408666
2011-02-22,24.534085513206726
2011-02-23,28.192509449343238
2011-02-24,27.847874865385567
2011-02-25,27.940745014606215
2011-02-28,26.834977797489824
2011-03-01,25.716759866660915
2011-03-02,25.512748987880766
2011-03-03,24.90566600413733
2011-03-04,24.84596239075805
2011-03-07,23.959501086751388
2011-03-08,24.93447833450835
2011-03-09,25.46054654246383
2011-03-10,25.03459604419623
2011-03-11,24.816412015748377
2011-03-14,24.41008830923182
2011-03-15,23.436305982451927
2011-03-16,22.2162273442226
2011-03-17,21.77684230219507
2011-03-18,22.240547014478654
2011-03-21,23.50499083490018
2011-03-22,22.791954876775627
2011-03-23,22.753029026534865
2011-03-24,23.35751144608632
2011-03-25,22.90243605112415
2011-03-28,23.2863330394509
2011-03-29,22.83950228687174
2011-03-30,23.06638800525285
2011-03-31,22.434017077994778
2011-04-01,22.215511782671797
2011-04-04,22.071749935088512
2011-04-05,22.192358216406603
2011-04-06,22.932039219543707
2011-04-07,22.679684830820072
2011-04-08,21.929733723592143
2011-04-11,22.385197157742354
2011-04-12,22.579259570191027
2011-04-13,22.313355867875263
2011-04-14,22.332756564547626
2011-04-15,22.35840961170406
2011-04-18,22.709101483661193
2011-04-19,22.45590262005746
2011-04-20,22.246901412283766
2011-04-21,22.172558710642278
2011-04-25,21.840060223932827
2011-04-26,22.306420285970216
2011-04-27,23.904155600712276
2011-04-28,23.83188703503891
2011-04-29,22.597172040689905
2011-05-02,23.398832747641954
2011-05-03,23.157284108581358
2011-05-04,28.382041100301716
2011-05-05,29.168785936021873
2011-05-06,30.451963099292325
2011-05-09,30.949147717689982
2011-05-10,29.0655103958719
2011-05-11,29.999477958173706
2011-05-12,30.078746929536926
2011-05-13,30.33941593224651
2011-05-16,30.56873252636535
2011-05-17,29.732033008180746
2011-05-18,29.94232594590429
2011-05-19,30.56916110528386
2011-05-20,32.21758168283823
2011-05-23,31.36443242223906
2011-05-24,30.613852307927857
2011-05-25,30.205281338710716
2011-05-26,30.845294309342083
2011-05-27,28.942275993921655
2011-05-31,37.316785189372034
2011-06-01,38.13227068144724
2011-06-02,36.640035658814185
2011-06-03,35.720917248695095
2011-06-06,37.843728512653314
2011-06-07,38.97557512202484
2011-06-08,37.12097493844113
2011-06-09,37.61136170153742
2011-06-10,35.62198908474064
2011-06-13,36.23148327888709
2011-06-14,36.01544953005303
2011-06-15,34.5226980732796
2011-06-16,34.706345161923245
2011-06-17,34.32660582241122
2011-06-20,35.88079867537198
2011-06-21,36.51055184915766
2011-06-22,37.12961407466479
2011-06-23,36.98143544512667
2011-06-24,37.8478507787329
2011-06-27,38.45073740925137
2011-06-28,38.409706818337696
2011-06-29,40.23612645837758
2011-06-30,38.39087888665618
2011-07-01,39.444134008600734
2011-07-05,38.97712800008946
2011-07-06,38.75561477685153
2011-07-07,37.21512180609952
2011-07-08,36.10734780959033
2011-07-11,35.62279492585994
2011-07-12,35.08249228992901
2011-07-13,34.07967245897156
2011-07-14,33.90719721173695
2011-07-15,32.64030462029572
2011-07-18,33.96832139063307
2011-07-19,34.161609859238254
2011-07-20,33.36242352096635
2011-07-21,34.8794262225781
2011-07-22,33.16153184969676
2011-07-25,32.17090816954902
2011-07-26,31.45761024751942
2011-07-27,30.929954889086797
2011-07-28,31.25567803983638
2011-07-29,31.097781050510633
2011-08-01,31.004956439244737
2011-08-02,29.35073260855466
2011-08-03,28.085797688473026
2011-08-04,29.24497796090363
2011-08-05,30.023905942246017
2011-08-08,29.489840720861935
2011-08-09,29.406092582909594
2011-08-10,27.24913901317408
2011-08-11,28.355778158566714
2011-08-12,28.76254963217612
2011-08-15,29.060695296142914
2011-08-16,28.67867401549435
2011-08-17,27.55206285203863
2011-08-18,27.823278547405945
2011-08-19,28.154766509299957
2011-08-22,29.81926718795739
2011-08-23,31.190732140376245
2011-08-24,32.24905416970285
2011-08-25,31.635561478938104
2011-08-26,32.0734907997253
2011-08-29,31.751267818036954
2011-08-30,32.177910770199155
2011-08-31,36.358822562003475
2011-09-01,34.43681446202437
2011-09-02,33.60633487932509
2011-09-06,33.23719617325304
2011-09-07,34.69478570806261
2011-09-08,33.81114895605601
2011-09-09,32.9414236211182
2011-09-12,33.54103186887308
2011-09-13,32.429149175688536
2011-09-14,32.40848006375293
2011-09-15,32.287102245287855
2011-09-16,32.06106993496699
2011-09-19,32.04184578994598
2011-09-20,32.10683942177903
2011-09-21,31.047202590313237
2011-09-22,31.44047249739789
2011-09-23,33.047149405539905
2011-09-26,32.3326561256142
2011-09-27,31.93142856232299
2011-09-28,32.10625932561527
2011-09-29,31.538630683126144
2011-09-30,33.07014626378779
2011-10-03,33.02544782907946
2011-10-04,34.32329650818022
2011-10-05,32.84680593357002
2011-10-06,33.1701522341925
2011-10-07,32.652289546719
2011-10-10,32.71049339319552
2011-10-11,33.12092540797437
2011-10-12,33.13392678330055
2011-10-13,32.46052302534677
2011-10-14,31.66658875205027
2011-10-17,30.374210669514454
2011-10-18,30.439989872959117
2011-10-19,30.446360838620464
2011-10-20,30.33637195984714
2011-10-21,30.741301753143773
2011-10-24,31.05672034648197
2011-10-25,30.84337509975595
2011-10-26,30.861564831229373
2011-10-27,32.50679658437955
2011-10-28,31.443833116999915
2011-10-31,31.353361648665654
2011-11-01,30.51536449341712
2011-11-02,30.381352290311206
2011-11-03,29.332369043461124
2011-11-04,27.879597341157236
2011-11-07,27.98081749608133
2011-11-08,28.317949605094654
2011-11-09,27.76964122177039
2011-11-10,26.815625334102364
2011-11-11,27.49638316596166
2011-11-14,27.245616415100258
2011-11-15,27.367260037646908
2011-11-16,26.683717343224657
2011-11-17,26.751293260611355
2011-11-18,26.293207008119268
2011-11-21,25.7512546507534
2011-11-22,25.83177417299422
2011-11-23,26.22624796573036
2011-11-25,25.712935210102458
2011-11-28,26.3422843172796
2011-11-29,25.827066155972812
2011-11-30,26.49305210390889
2011-12-01,25.92038168290819
2011-12-02,25.390248771824673
2011-12-05,25.19980125277326
2011-12-06,25.29501789937713
2011-12-07,25.61733747822523
2011-12-08,25.323532440302333
2011-12-09,25.387882271585624
2011-12-12,25.360502517396792
2011-12-13,25.048354028109074
2011-12-14,26.090210271518824
2011-12-15,26.639614813113226
2011-12-16,25.672322982626095
2011-12-19,25.564048743244985
2011-12-20,26.20926111759269
2011-12-21,25.74909499887431
2011-12-22,25.48679022682088
2011-12-23,25.6962104026363
2011-12-27,25.688912887310416
2011-12-28,25.510124514961586
2011-12-29,25.951635845065194
2011-12-30,26.930766743751015
2012-01-03,26.160159987224315
2012-01-04,25.09146648706115
2012-01-05,24.35118684099294
2012-01-06,24.510956596429796
2012-01-09,24.941756034173554
2012-01-10,25.197053017874087
2012-01-11,25.33400681676127
2012-01-12,25.853931408257647
2012-01-13,25.710547038657904
2012-01-17,24.688233165776627
2012-01-18,24.68299887163594
2012-01-19,25.507421032725965
2012-01-20,26.553702070487383
2012-01-23,26.023006235669403
2012-01-24,25.89406871622701
2012-01-25,23.882178332943717
2012-01-26,23.938145415522772
2012-01-27,23.98178851854397
2012-01-30,24.498774304512423
2012-01-31,25.06004154293843
2012-02-01,25.32202660795644
2012-02-02,25.549761549220918
2012-02-03,26.259718455168574
2012-02-06,25.524260684791667
2012-02-07,25.167123630739724
2012-02-08,25.859314050284787
2012-02-09,26.351414209734635
2012-02-10,26.310570102475694
2012-02-13,25.90400648521331
2012-02-14,24.76996750894728
2012-02-15,24.403217263616845
2012-02-16,23.166081843281457
2012-02-17,23.04982327138426
2012-02-21,22.865342909667724
2012-02-22,28.067337688842176
2012-02-23,28.08493588981861
2012-02-24,28.16653277376586
2012-02-27,28.07001321195071
2012-02-28,28.389445658785505
2012-02-29,29.063601185699433
2012-03-01,29.3719619710067
2012-03-02,30.076202937171864
2012-03-05,29.60969976236188
2012-03-06,29.225487060460654
2012-03-07,29.434505851389574
2012-03-08,29.403946929790138
2012-03-09,30.09002493457005
2012-03-12,30.956985114772344
2012-03-13,31.495604697025726
2012-03-14,32.07156534212436
2012-03-15,32.90786557910539
2012-03-16,33.144854031998065
2012-03-19,32.62167187026535
2012-03-20,34.539357690551675
2012-03-21,33.31562921112953
2012-03-22,33.58604881224303
2012-03-23,32.81007928024966
2012-03-26,33.193719120205195
2012-03-27,33.22679555492839
2012-03-28,33.93988337162093
2012-03-29,33.553259514929664
2012-03-30,33.13467279975618
2012-04-02,33.00113294051197
2012-04-03,32.58357651969505
2012-04-04,32.78871219266012
2012-04-05,32.77464718799758
2012-04-09,32.85359865319177
2012-04-10,32.258310295167455
2012-04-11,33.308279416452315
2012-04-12,33.518293845138686
2012-04-13,33.272963114392375
2012-04-16,33.17832202923373
2012-04-17,33.38013874385808
2012-04-18,33.849647364652846
2012-04-19,32.34873412158055
2012-04-20,32.09636788105417
2012-04-23,31.916804767220746
2012-04-24,32.19423310072474
2012-04-25,31.6753716434486
2012-04-26,30.848350881588217
2012-04-27,30.95442856560055
2012-04-30,30.283279693885994
2012-05-01,30.049607717320665
2012-05-02,34.18951970733635
2012-05-03,36.754258824691746
2012-05-04,37.83142470068466
2012-05-07,38.272185231169495
2012-05-08,38.50737390851486
2012-05-09,37.89167995154873
2012-05-10,36.95496624826344
2012-05-11,37.54277819368803
2012-05-14,38.25729420683391
2012-05-15,38.94784024471412
2012-05-16,39.82258618129426
2012-05-17,38.585056765898095
2012-05-18,37.37490664757849
2012-05-21,35.6582084081066
2012-05-22,36.604240188672065
2012-05-23,37.0988000882584
2012-05-24,37.770299987143716
2012-05-25,36.81304347568774
2012-05-29,36.42380482273722
2012-05-30,37.47713004910169
2012-05-31,33.04103730145902
2012-06-01,35.6383111977657
2012-06-04,35.60980560201129
2012-06-05,34.99956422283993
2012-06-06,35.7489262750363
2012-06-07,36.081676041446045
2012-06-08,37.247882840137756
2012-06-11,37.22239278122721
2012-06-12,37.17594599827944
2012-06-13,37.42578873300152
2012-06-14,37.02881512021537
2012-06-15,38.182896710620724
2012-06-18,39.286790064826995
2012-06-19,38.906931381484476
2012-06-20,40.478790879759664
2012-06-21,41.03082585831389
2012-06-22,41.02282207594459
2012-06-25,42.00135392260762
2012-06-26,42.05417991854247
2012-06-27,42.04513139255923
2012-06-28,41.711337432989865
2012-06-29,42.664900483228806
2012-07-02,41.54888569790709
2012-07-03,39.64356786551228
2012-07-05,39.960529859631755
2012-07-06,40.14044335026687
2012-07-09,40.268801258647166
2012-07-10,41.10914748675684
2012-07-11,41.46216725346082
2012-07-12,41.79268122076963
2012-07-13,41.516543075752324
2012-07-16,40.90673251913928
2012-07-17,39.53299962135276
2012-07-18,40.04109761036307
2012-07-19,37.25789541102493
2012-07-20,36.74453126118051
2012-07-23,37.215939273185555
2012-07-24,37.74623510904775
2012-07-25,38.31295121995379
2012-07-26,40.44149983312514
2012-07-27,43.441996383820296
2012-07-30,44.03019859309278
2012-07-31,45.998059194071956
2012-08-01,45.24733295074778
2012-08-02,47.80559881888102
2012-08-03,46.61651950620066
2012-08-06,50.447328494340006
2012-08-07,49.34543341372157
2012-08-08,55.100978952994765
2012-08-09,49.788382610005215
2012-08-10,53.68649279911233
2012-08-13,50.15520474125213
2012-08-14,49.175844807900674
2012-08-15,47.0100959566061
2012-08-16,48.32024674069853
2012-08-17,48.68048532180822
2012-08-20,53.51413031489026
2012-08-21,52.91410456011554
2012-08-22,53.28683768225567
2012-08-23,50.24303206262766
2012-08-24,49.59331406708877
2012-08-27,49.70521670117349
2012-08-28,48.85797963640524
2012-08-29,47.399774593704585
2012-08-30,47.1296314481045
2012-08-31,42.32190704930558
2012-09-04,45.12513892234123
2012-09-05,45.143591899850755
2012-09-06,46.59195801270895
2012-09-07,43.019497275487026
2012-09-10,45.81167469050301
2012-09-11,45.672374997730095
2012-09-12,45.43784984859329
2012-09-13,44.723961498694614
2012-09-14,43.09089727120741
2012-09-17,41.52346563586758
2012-09-18,42.77926550136556
2012-09-19,43.791361035348565
2012-09-20,44.80056607936393
2012-09-21,46.77298515388664
2012-09-24,50.57842136353634
2012-09-25,50.18233949115818
2012-09-26,48.64061821442887
2012-09-27,47.965965980566345
2012-09-28,47.11036552591168
2012-10-01,48.77438598081576
2012-10-02,48.36847459402231
2012-10-03,53.028149423114954
2012-10-04,50.82968478393538
2012-10-05,49.73660562039932
2012-10-08,47.89575503452729
2012-10-09,45.36934910782045
2012-10-10,42.76740328876985
2012-10-11,42.48727988105351
2012-10-12,41.608446437438346
2012-10-15,41.925540129889896
2012-10-16,41.87506328343053
2012-10-17,43.41147794770411
2012-10-18,42.36013400268945
2012-10-19,42.53229698162414
2012-10-22,42.35743510981676
2012-10-23,42.55101041173936
2012-10-24,42.156173212764045
2012-10-25,42.98078632613272
2012-10-26,41.931698513172606
2012-10-31,42.02950890290472
2012-11-01,44.25582224226778
2012-11-02,42.302661012829695
2012-11-05,40.75239944295522
2012-11-06,40.05249480617148
2012-11-07,44.18302631739596
2012-11-08,43.404527418424756
2012-11-09,45.80758599637811
2012-11-12,44.026330633352124
2012-11-13,43.99400481862454
2012-11-14,44.11111035615882
2012-11-15,43.30797675371677
2012-11-16,45.321136937383095
2012-11-19,46.126083288614694
2012-11-20,46.462554097898256
2012-11-21,48.10815448696984
2012-11-23,51.04574647148901
2012-11-26,52.16253442397135
2012-11-27,53.17882654637095
2012-11-28,51.69688667264906
2012-11-29,51.31416153550149
2012-11-30,50.095825191945025
2012-12-03,47.46995380778219
2012-12-04,46.8237054131027
2012-12-05,44.563144410952745
2012-12-06,45.1947653275035
2012-12-07,45.26967909396721
2012-12-10,45.513755062500096
2012-12-11,45.67411019467412
2012-12-12,46.748484149461376
2012-12-13,48.28824701687573
2012-12-14,48.84332217678318
2012-12-17,49.541007596850264
2012-12-18,49.74039420497273
2012-12-19,49.958578989235185
2012-12-20,48.992231315136976
2012-12-21,48.85824413876463
2012-12-24,48.026081886547644
2012-12-26,47.40534542640211
2012-12-27,47.7889648021971
2012-12-28,48.65822549491594
2012-12-31,47.718457635661714
2013-01-02,48.44376878518728
2013-01-03,47.350259400197665
2013-01-04,47.141347319658
2013-01-07,45.796514328588174
2013-01-08,44.62841548867589
2013-01-09,44.475241558678476
2013-01-10,43.96021954458055
2013-01-11,44.183220694467956
2013-01-14,44.700766472016454
2013-01-15,44.657341658912046
2013-01-16,44.38644361468848
2013-01-17,44.64661902760265
2013-01-18,43.800730878166995
2013-01-22,43.95963235905903
2013-01-23,44.93639384224646
2013-01-24,45.58212584771046
2013-01-25,44.36958818280458
2013-01-28,45.62297666750601
2013-01-29,44.59737544227671
2013-01-30,44.34948286933607
2013-01-31,41.0362825254038
2013-02-01,40.69258948040259
2013-02-04,39.0887692758843
2013-02-05,38.92390332959869
2013-02-06,38.784648365924426
2013-02-07,39.31491868236084
2013-02-08,39.059993364537
2013-02-11,39.42645729780888
2013-02-12,40.00134547053843
2013-02-13,39.37129300919407
2013-02-14,39.545383313338604
2013-02-15,40.50368300202241
2013-02-19,39.69151586460786
2013-02-20,39.569116168326566
2013-02-21,39.71889449269715
2013-02-22,39.36899175643099
2013-02-25,38.17215438512123
2013-02-26,38.279067773357454
2013-02-27,42.544555732300125
2013-02-28,39.77656958140065
2013-03-01,40.59921381664362
2013-03-04,41.09569941793734
2013-03-05,41.8970355183513
2013-03-06,41.94653724778918
2013-03-07,41.010182935594194
2013-03-08,40.31686717345003
2013-03-11,40.57320244546289
2013-03-12,40.27765150706589
2013-03-13,39.733717411638324
2013-03-14,39.331614946529385
2013-03-15,38.82911614973537
2013-03-18,39.18169728980799
2013-03-19,39.77864419478618
2013-03-20,41.414633554349315
2013-03-21,42.25447176451398
2013-03-22,43.656686284009396
2013-03-25,42.40043981065687
2013-03-26,41.65768036779537
2013-03-27,41.9046856462584
2013-03-28,42.5960342790271
2013-04-01,41.69293791752892
2013-04-02,43.1250822489445
2013-04-03,43.536685771235504
2013-04-04,45.01519896189881
2013-04-05,44.5193150323122
2013-04-08,43.87308917301354
2013-04-09,44.27793632389337
2013-04-10,47.459616148511294
2013-04-11,47.63214259908283
2013-04-12,47.635068842487364
2013-04-15,49.342330609969565
2013-04-16,49.570901041413826
2013-04-17,48.801099650227975
2013-04-18,48.736770212458644
2013-04-19,50.515977151799454
2013-04-22,48.60500800868394
2013-04-23,50.42422351118349
2013-04-24,48.620977381291766
2013-04-25,47.61630090699927
2013-04-26,47.27963199583937
2013-04-29,46.54958546689155
2013-04-30,48.28449495253288
2013-05-01,48.25800062828203
2013-05-02,49.112996485914906
2013-05-03,49.267644213468294
2013-05-06,50.06542629072348
2013-05-07,48.711222836917706
2013-05-08,53.584449280910846
2013-05-09,54.450546777064275
2013-05-10,56.011052237494226
2013-05-13,56.11063772840264
2013-05-14,57.369683057071086
2013-05-15,58.737881924293966
2013-05-16,58.418725820704616
2013-05-17,59.21723305157793
2013-05-20,59.337659976747524
2013-05-21,59.236601777733036
2013-05-22,59.114345786640705
2013-05-23,59.08954372656337
2013-05-24,59.32206020987947
2013-05-28,59.130729337710996
2013-05-29,57.43559651379713
2013-05-30,59.89234145805287
2013-05-31,48.45375825466564
2013-06-03,49.54333815635348
2013-06-04,49.24494485334786
2013-06-05,48.64879875280863
2013-06-06,46.35764997391515
2013-06-07,46.682454146752704
2013-06-10,45.40282430951229
2013-06-11,46.10025499363108
2013-06-12,43.97268172008674
2013-06-13,44.583230798184985
2013-06-14,44.01937245835864
2013-06-17,43.078624616499255
2013-06-18,43.35866210452284
2013-06-19,41.96195707525351
2013-06-20,42.826478032690716
2013-06-21,44.718958661200325
2013-06-24,43.45388469528678
2013-06-25,44.96675918933425
2013-06-26,44.890562388791906
2013-06-27,45.19928571466429
2013-06-28,41.40227409896632
2013-07-01,39.56401380150307
2013-07-02,38.431958275093436
2013-07-03,38.09507969027148
2013-07-05,38.18911486226545
2013-07-08,39.68764677631346
2013-07-09,39.76636312895777
2013-07-10,40.9158017527508
2013-07-11,41.256123207588836
2013-07-12,41.82041050743067
2013-07-15,40.83287895841072
2013-07-16,40.52701995831361
2013-07-17,40.42942876581411
2013-07-18,39.10264922539536
2013-07-19,38.683131850613606
2013-07-22,39.9598160733096
2013-07-23,40.55657213752977
2013-07-24,42.228027794486614
2013-07-25,42.297274272743394
2013-07-26,41.24691310126312
2013-07-29,39.98442147271785
2013-07-30,40.137407682196994
2013-07-31,36.62148609144924
2013-08-01,36.01765555417396
2013-08-02,35.84620107585577
2013-08-05,34.937932890617546
2013-08-06,34.38482530030904
2013-08-07,36.455880986629936
2013-08-08,36.92782653170351
2013-08-09,36.58838620750722
2013-08-12,36.86594091981735
2013-08-13,38.28145162484174
2013-08-14,37.92186197274232
2013-08-15,36.47462561366616
2013-08-16,35.29739116107095
2013-08-19,34.818588947428225
2013-08-20,34.766914235842144
2013-08-21,35.262176376572306
2013-08-22,35.508942905522524
2013-08-23,35.810519239761476
2013-08-26,34.892151907943195
2013-08-27,33.926309352144656
2013-08-28,33.63211764272853
2013-08-29,34.251223733363965
2013-08-30,33.03587770390433
2013-09-03,32.07891913375362
2013-09-04,32.50645283270291
2013-09-05,31.863183471600507
2013-09-06,30.549325238440236
2013-09-09,30.67763589769914
2013-09-10,29.882039856890486
2013-09-11,30.451333491779067
2013-09-12,30.26807277979794
2013-09-13,29.890022358787462
2013-09-16,29.938439611001648
2013-09-17,30.280396870325713
2013-09-18,30.44645755740287
2013-09-19,30.681676817659095
2013-09-20,31.764036872052248
2013-09-23,30.840938869820928
2013-09-24,29.866669170630516
2013-09-25,29.82864757492215
2013-09-26,30.237583430746565
2013-09-27,29.654021397882673
2013-09-30,28.367966705976215
2013-10-01,27.54911341420163
2013-10-02,27.483824742957026
2013-10-03,26.60568422544472
2013-10-04,26.18534425610282
2013-10-07,26.27625942181017
2013-10-08,26.223117845251025
2013-10-09,27.01900036774792
2013-10-10,27.419030971184807
2013-10-11,27.725838434459767
2013-10-14,27.951903966133788
2013-10-15,27.011339174693056
2013-10-16,26.259133794108656
2013-10-17,26.46305831216113
2013-10-18,26.158561836749705
2013-10-21,27.516447195053452
2013-10-22,28.032633120447034
2013-10-23,29.373813776580516
2013-10-24,28.50094015942768
2013-10-25,28.681796762342742
2013-10-28,29.01301449619769
2013-10-29,29.156940321808538
2013-10-30,29.397060252360298
2013-10-31,29.856881087663282
2013-11-01,29.51784574658555
2013-11-04,28.543570646252586
2013-11-05,28.159240307103513
2013-11-06,31.062670440445867
2013-11-07,33.60645087731153
2013-11-08,33.6514007277484
2013-11-11,32.96812082690887
2013-11-12,33.960631069825475
2013-11-13,34.2065371942134
2013-11-14,34.893000803756145
2013-11-15,35.100089199957466
2013-11-18,35.95998471781109
2013-11-19,35.18507091999322
2013-11-20,35.17381576038929
2013-11-21,34.07539182445196
2013-11-22,34.93276556366969
2013-11-25,34.686935593040694
2013-11-26,34.23741773685439
2013-11-27,36.85258577755418
2013-11-29,32.02809526029279
2013-12-02,31.334413070550656
2013-12-03,31.54993332270415
2013-12-04,30.65907577457148
2013-12-05,30.524962565390553
2013-12-06,32.38913014933232
2013-12-09,33.4078866121803
2013-12-10,32.82055849457586
2013-12-11,32.02978420741669
2013-12-12,30.872554484658888
2013-12-13,30.570678729947712
2013-12-16,31.267711016396163
2013-12-17,30.54670544593733
2013-12-18,30.270980023359623
2013-12-19,29.686771405657716
2013-12-20,30.758171897485408
2013-12-23,31.677572220037884
2013-12-24,32.23007098025053
2013-12-26,32.634280788379066
2013-12-27,32.05898865564195
2013-12-30,33.62343543757007
2013-12-31,32.0024850792895
2014-01-02,31.48047502132249
2014-01-03,32.03220168067635
2014-01-06,32.01488148924108
2014-01-07,31.953029706365907
2014-01-08,31.707301431748125
2014-01-09,32.20964686919475
2014-01-10,31.803925085395402
2014-01-13,31.69286779073665
2014-01-14,31.130048111069012
2014-01-15,31.454703373977235
2014-01-16,30.977720609906925
2014-01-17,30.879784047719486
2014-01-21,30.091860606129377
2014-01-22,29.384608817430525
2014-01-23,29.33790206433434
2014-01-24,29.0137778403061
2014-01-27,28.671155720465126
2014-01-28,28.218442915920903
2014-01-29,27.79793079037976
2014-01-30,28.088913299557937
2014-01-31,28.16155118290663
2014-02-03,26.795386315789905
2014-02-04,27.59366081919096
2014-02-05,27.68879175347223
2014-02-06,27.30983561141008
2014-02-07,28.099799440703954
2014-02-10,28.55685437831433
2014-02-11,29.17968495306224
2014-02-12,28.215502305587954
2014-02-13,28.3240444194159
2014-02-14,28.18046449757854
2014-02-18,26.85142598666042
2014-02-19,26.52780784635792
2014-02-20,26.932476860170418
2014-02-21,27.34878925721343
2014-02-24,25.584921765847845
2014-02-25,26.41338278059612
2014-02-26,28.48426206884367
2014-02-27,28.80313052461482
2014-02-28,27.69058702278979
2014-03-03,27.351231221655038
2014-03-04,26.85144488743724
2014-03-05,26.754449174308387
2014-03-06,27.083489912991464
2014-03-07,27.681563786276055
2014-03-10,27.41312581665293
2014-03-11,27.46441603407872
2014-03-12,27.613104503004834
2014-03-13,26.87879326936917
2014-03-14,25.745925073485513
2014-03-17,26.455249934000843
2014-03-18,26.470624693565387
2014-03-19,26.351896617081668
2014-03-20,27.482323372503
2014-03-21,27.33589790709714
2014-03-24,27.010249310867742
2014-03-25,27.087791174700218
2014-03-26,26.46817403420376
2014-03-27,25.92272168582437
2014-03-28,24.84234459704915
2014-03-31,25.512798179601628
2014-04-01,26.54706347843097
2014-04-02,25.859392547726976
2014-04-03,25.913678131331334
2014-04-04,24.923385825581363
2014-04-07,24.906520126821064
2014-04-08,23.588495661576342
2014-04-09,23.72003768236643
2014-04-10,22.789898873199917
2014-04-11,21.963468070689967
2014-04-14,22.1542107794474
2014-04-15,23.088327547807655
2014-04-16,22.508650389662105
2014-04-17,22.69362695149982
2014-04-21,22.568333754647394
2014-04-22,22.900360129210934
2014-04-23,22.321392770174313
2014-04-24,22.231449008597238
2014-04-25,22.41460415584277
2014-04-28,22.268780073957757
2014-04-29,21.234087138106
2014-04-30,19.680529343553285
2014-05-01,20.637055381217817
2014-05-02,20.105913409306297
2014-05-05,19.50426729699099
2014-05-06,19.233438665990374
2014-05-07,20.199062651253108
2014-05-08,20.862943170463907
2014-05-09,20.84758566441649
2014-05-12,21.054806504940608
2014-05-13,20.619238023571288
2014-05-14,19.94713837377501
2014-05-15,19.448539708919398
2014-05-16,20.08611193532173
2014-05-19,19.658241241929197
2014-05-20,19.2363953185846
2014-05-21,18.58359072988888
2014-05-22,19.369910016835604
2014-05-23,19.801888802192238
2014-05-27,19.94928463363813
2014-05-28,19.54090809208587
2014-05-29,19.513254851091318
2014-05-30,18.70265408379124
2014-06-02,19.045552979883908
2014-06-03,18.546723363510775
2014-06-04,18.63866284703608
2014-06-05,19.310028576909836
2014-06-06,18.951820932219857
2014-06-09,18.62029987368477
2014-06-10,18.715655913176132
2014-06-11,18.446603729306155
2014-06-12,18.113161817475643
2014-06-13,17.407486403084924
2014-06-16,17.602797315877748
2014-06-17,17.611059192796176
2014-06-18,17.537662898241937
2014-06-19,17.731981972418797
2014-06-20,19.424389209568776
2014-06-23,19.07601717853304
2014-06-24,20.041787404161386
2014-06-25,19.23138608087604
2014-06-26,18.910768889180122
2014-06-27,18.576401709968156
2014-06-30,18.404108502228734
2014-07-01,18.698446444213882
2014-07-02,19.170329684529396
2014-07-03,19.02427297746218
2014-07-07,18.56993089042457
2014-07-08,18.02068238395683
2014-07-09,17.721773788279453
2014-07-10,17.748370438555575
2014-07-11,17.883177720548893
2014-07-14,17.919109007104336
2014-07-15,18.464203779886603
2014-07-16,17.760147248263824
2014-07-17,17.557048975710646
2014-07-18,17.669408508696556
2014-07-21,17.499719143733273
2014-07-22,17.469494459564668
2014-07-23,17.5399949267488
2014-07-24,17.408271608116696
2014-07-25,17.258974890835592
2014-07-28,17.258995976015896
2014-07-29,17.08972791739502
2014-07-30,17.312348106692212
2014-07-31,17.16751981514377
2014-08-01,16.871832802028326
2014-08-04,16.479097152366425
2014-08-05,20.452330518960665
2014-08-06,21.00576121612509
2014-08-07,20.99868496551968
2014-08-08,20.40608892275255
2014-08-11,20.759380664857304
2014-08-12,21.037129306203678
2014-08-13,21.40293961905904
2014-08-14,22.017511608688626
2014-08-15,22.013714775715624
2014-08-18,22.269248780924798
2014-08-19,22.388935905558373
2014-08-20,22.148048548865688
2014-08-21,22.118381096840427
2014-08-22,21.729450121103206
2014-08-25,20.7933248909894
2014-08-26,21.072449564804252
2014-08-27,21.474728539886012
2014-08-28,21.014118262967386
2014-08-29,22.626055197970313
2014-09-02,23.24666149639994
2014-09-03,22.726161138002837
2014-09-04,22.930266729456772
2014-09-05,22.72457526285813
2014-09-08,23.430858304561813
2014-09-09,23.256071401221917
2014-09-10,23.171845639387584
2014-09-11,22.655943827196285
2014-09-12,23.57614063262716
2014-09-15,23.036466693708597
2014-09-16,22.786032421191543
2014-09-17,22.25522008601605
2014-09-18,24.16962194948884
2014-09-19,24.894356462068487
2014-09-22,26.09908244431981
2014-09-23,26.345518992269742
2014-09-24,26.465052243637345
2014-09-25,25.957844537140893
2014-09-26,25.560113739147724
2014-09-29,25.434129034026995
2014-09-30,28.087295536211283
2014-10-01,27.860452993355487
2014-10-02,27.9388224896833
2014-10-03,29.771717826112226
2014-10-06,28.970486611797412
2014-10-07,29.354053426027846
2014-10-08,31.018236648566077
2014-10-09,31.597244985066514
2014-10-10,30.656284679491602
2014-10-13,31.28146551286724
2014-10-14,32.11139341206633
2014-10-15,31.450010258921225
2014-10-16,29.848445263888483
2014-10-17,30.066482748246568
2014-10-20,29.841627637573563
2014-10-21,29.73876535936194
2014-10-22,30.63079677706162
2014-10-23,30.373716541858236
2014-10-24,31.43373751167562
2014-10-27,32.74468620269998
2014-10-28,32.07547057765488
2014-10-29,31.56991735820494
2014-10-30,33.14083878034958
2014-10-31,35.225915365438325
2014-11-03,35.36345080579594
2014-11-04,38.05142812962283
2014-11-05,35.01822450590859
2014-11-06,35.37384506191405
2014-11-07,34.392151688172504
2014-11-10,34.490692859050654
2014-11-11,33.991574077765115
2014-11-12,34.69080948204737
2014-11-13,35.27648117548752
2014-11-14,34.095293182416334
2014-11-17,34.59349815178484
2014-11-18,35.19063716843785
2014-11-19,34.906752107352396
2014-11-20,33.3364428937315
2014-11-21,32.33748712484293
2014-11-24,33.32892425192783
2014-11-25,34.58011863479741
2014-11-26,36.947298071364585
2014-11-28,57.23935992117427
2014-12-01,57.31720426417592
2014-12-02,60.11505712421839
2014-12-03,60.26509703621623
2014-12-04,61.78309427723794
2014-12-05,63.6445892008034
2014-12-08,70.43399156677434
2014-12-09,65.33625606755106
2014-12-10,68.9496811954975
2014-12-11,71.48692654831792
2014-12-12,73.22369627721807
2014-12-15,74.67666040851621
2014-12-16,68.75793360168869
2014-12-17,63.081729800557625
2014-12-18,64.13029810459007
2014-12-19,60.51148807350495
2014-12-22,62.70643133707651
2014-12-23,58.51877865393147
2014-12-24,60.83843541895013
2014-12-26,61.96712434719647
2014-12-29,61.83466695013017
2014-12-30,61.79844177400229
2014-12-31,66.73344241875665
2015-01-02,66.31290623986197
2015-01-05,72.3027133153534
2015-01-06,73.59455466706599
2015-01-07,74.7108778624385
2015-01-08,72.77965697652937
2015-01-09,69.26288109921495
2015-01-12,71.19533414445397
2015-01-13,70.55549855399053
2015-01-14,64.23985742419518
2015-01-15,64.18292934857519
2015-01-16,61.46271298721892
2015-01-20,63.48868373863764
2015-01-21,58.24292215236016
2015-01-22,58.77725007671253
2015-01-23,58.019970109761886
2015-01-26,58.223612404579114
2015-01-27,56.05076435898221
2015-01-28,58.55610738252818
2015-01-29,60.078834649288446
2015-01-30,60.23078275154251
2015-02-02,60.40197941157571
2015-02-03,64.37767995591071
2015-02-04,66.76876044807665
2015-02-05,65.43104734259771
2015-02-06,63.21907260884369
2015-02-09,63.12210670636415
2015-02-10,65.52995454741206
2015-02-11,64.27573973991055
2015-02-12,62.705447427080465
2015-02-13,61.95760127795099
2015-02-17,59.903498873308955
2015-02-18,60.77704725176235
2015-02-19,61.57963740842666
2015-02-20,62.54177408628342
2015-02-23,63.54074707052009
2015-02-24,68.67613737842701
2015-02-25,65.30598653776475
2015-02-26,67.70747252216006
2015-02-27,69.21262041401715
2015-03-02,73.06420809084206
2015-03-03,71.24362748106832
2015-03-04,68.8430656465191
2015-03-05,68.41766262246139
2015-03-06,68.5987317488131
2015-03-09,68.2122519917349
2015-03-10,67.96091774873386
2015-03-11,66.33278804758308
2015-03-12,68.30527766374743
2015-03-13,72.33274623494586
2015-03-16,75.16734378156154
2015-03-17,75.72443082754013
2015-03-18,73.3620849407625
2015-03-19,75.89408245821762
2015-03-20,75.8442142712935
2015-03-23,79.87866862897995
2015-03-24,79.84859831848799
2015-03-25,72.74171257413663
2015-03-26,69.40062944790216
2015-03-27,70.54704477841963
2015-03-30,69.32237523330085
2015-03-31,70.20957014454706
2015-04-01,65.77506649799213
2015-04-02,65.86357872427287
2015-04-06,64.00302644888522
2015-04-07,64.9134591362876
2015-04-08,65.89730417482217
2015-04-09,62.77979291525262
2015-04-10,65.72159204955021
2015-04-13,67.619616705931
2015-04-14,65.13579539030225
2015-04-15,62.987798556960826
2015-04-16,61.87367940119854
2015-04-17,61.44361798610696
2015-04-20,61.78169308859505
2015-04-21,63.03812755219353
2015-04-22,62.21022308508313
2015-04-23,61.861841895273876
2015-04-24,63.33244161775996
2015-04-27,64.23629608472622
2015-04-28,64.63362703728552
2015-04-29,61.23378656651876
2015-04-30,60.16214382667169
2015-05-01,62.42412758452751
2015-05-04,63.456179324701296
2015-05-05,64.99532189497978
2015-05-06,66.81977772177716
2015-05-07,68.47118479608343
2015-05-08,68.38551330071344
2015-05-11,69.3716125626311
2015-05-12,66.28931923998634
2015-05-13,68.78571277688617
2015-05-14,73.20820882802707
2015-05-15,71.56776983073513
2015-05-18,71.50487152504638
2015-05-19,73.60416657462905
2015-05-20,74.05056061422952
2015-05-21,71.06259858704044
2015-05-22,71.11925279946276
2015-05-26,70.92248454481175
2015-05-27,72.0956227821085
2015-05-28,71.98664341404059
2015-05-29,71.71745278388421
2015-06-01,73.78913384816775
2015-06-02,70.1950624027281
2015-06-03,72.22295604579139
2015-06-04,71.98280447839035
2015-06-05,69.71440919233609
2015-06-08,69.17645117409374
2015-06-09,68.81035065170754
2015-06-10,67.94198248537539
2015-06-11,69.98945362407922
2015-06-12,70.65952478221858
2015-06-15,69.00165598554543
2015-06-16,69.83080898649179
2015-06-17,70.02287623605473
2015-06-18,72.03830321954985
2015-06-19,73.96777720976921
2015-06-22,74.99143275316807
2015-06-23,74.99620131905844
2015-06-24,74.5834473278836
2015-06-25,74.07204508838358
2015-06-26,75.35928748239414
2015-06-29,74.10263952898593
2015-06-30,74.04276926275132
2015-07-01,78.51559352364988
2015-07-02,78.5297146372
2015-07-06,83.16234177498198
2015-07-07,79.58853836075154
2015-07-08,82.0705839350511
2015-07-09,80.65886484056054
2015-07-10,84.78778770424574
2015-07-13,86.174632506647
2015-07-14,84.3026392084142
2015-07-15,86.72494696190003
2015-07-16,88.55051321583302
2015-07-17,90.24598997425696
2015-07-20,91.80561281386667
2015-07-21,91.4276739908654
2015-07-22,91.59690125553004
2015-07-23,88.72391816699505
2015-07-24,90.1217041116856
2015-07-27,97.51703252009129
2015-07-28,94.85715403728098
2015-07-29,91.40567244776265
2015-07-30,91.92217101598928
2015-07-31,102.11054349819707
2015-08-03,107.25424764611805
2015-08-04,103.5628288082621
2015-08-05,101.75803940377224
2015-08-06,91.58146698687582
2015-08-07,97.02516879365064
2015-08-10,90.60707803596323
2015-08-11,89.10949547820904
2015-08-12,86.31155547938577
2015-08-13,91.7875516488524
2015-08-14,94.1984770616287
2015-08-17,95.80004823078936
2015-08-18,91.96734726700271
2015-08-19,96.01598419448933
2015-08-20,95.00870888734585
2015-08-21,92.25812014754209
2015-08-24,96.44203492594566
2015-08-25,97.77846798558348
2015-08-26,100.06078700228916
2015-08-27,94.12183319804538
2015-08-28,90.77327359689822
2015-08-31,NaN
2015-09-01,87.506048315598
2015-09-02,88.4872406002352
2015-09-03,87.39349579267878
2015-09-04,85.72329520210197
2015-09-08,88.43706559426096
2015-09-09,93.17849433229546
2015-09-10,92.84499908036615
2015-09-11,97.15690388930652
2015-09-14,99.42801485903175
2015-09-15,100.75430073773713
2015-09-16,95.15648954080393
2015-09-17,96.11607693095851
2015-09-18,98.95806409069412
2015-09-21,96.24477764323385
2015-09-22,91.67572927488565
2015-09-23,95.42073401504653
2015-09-24,89.17161842062742
2015-09-25,92.2688511694532
2015-09-28,91.96835981273233
2015-09-29,89.96567036001652
2015-09-30,89.02074288723695
2015-10-01,89.8269986793585
2015-10-02,83.66573046652965
2015-10-05,80.32574111669284
2015-10-06,75.70162426370914
2015-10-07,78.02154868055948
2015-10-08,74.97151065793804
2015-10-09,80.36153211818734
2015-10-12,86.65901426647993
2015-10-13,88.44976781526445
2015-10-14,84.47587081650813
2015-10-15,85.22850539369912
2015-10-16,85.20277810694225
2015-10-19,85.89238376197487
2015-10-20,84.21013612855134
2015-10-21,84.52428123619144
2015-10-22,87.01666991377343
2015-10-23,87.03381152106854
2015-10-26,88.14929735346354
2015-10-27,91.35921011150947
2015-10-28,88.1127198917918
2015-10-29,87.81312085515951
2015-10-30,85.45621494428184
2015-11-02,86.87579010842735
2015-11-03,85.8692584661587
2015-11-04,88.03890421928176
2015-11-05,82.39099600932335
2015-11-06,79.38966860303594
2015-11-09,79.3114673397265
2015-11-10,79.27652370238198
2015-11-11,81.08511884515801
2015-11-12,82.75048480233902
2015-11-13,77.12819659505307
2015-11-16,75.99931045294655
2015-11-17,78.02361275971155
2015-11-18,77.37486788089288
2015-11-19,79.25498101710853
2015-11-20,80.27019572438546
2015-11-23,76.31645812360593
2015-11-24,74.18473654959236
2015-11-25,75.15617343559778
2015-11-27,76.20997755578111
2015-11-30,66.38305325080732
2015-12-01,68.04419332565165
2015-12-02,71.19200889635802
2015-12-03,68.57455186301617
2015-12-04,76.18120792769898
2015-12-07,83.5008261278781
2015-12-08,83.44931886365518
2015-12-09,81.71761312107623
2015-12-10,80.07602916302397
2015-12-11,83.21251539204188
2015-12-14,91.19917860190577
2015-12-15,91.38522640920218
2015-12-16,99.19435542436534
2015-12-17,103.57309749581142
2015-12-18,106.1321824827815
2015-12-21,121.92655728605286
2015-12-22,113.60293928836238
2015-12-23,98.47010420314946
2015-12-24,102.23546653442158
2015-12-28,106.89254981504067
2015-12-29,107.54890674168138
2015-12-30,110.04780571092472
2015-12-31,108.23795601640789
2016-01-04,103.9334799539518
2016-01-05,104.14186975423304
2016-01-06,112.81999424022132
2016-01-07,110.5984633341527
2016-01-08,102.77768954585656
2016-01-11,106.71720275714686
2016-01-12,109.20346320884173
2016-01-13,113.51885148146916
2016-01-14,112.65009981444223
2016-01-15,112.52030471595738
2016-01-19,132.3490695775272
2016-01-20,139.72511046063372
2016-01-21,116.79687396004445
2016-01-22,112.68780888445593
2016-01-25,129.19316977030448
2016-01-26,116.09478315122028
2016-01-27,110.32179214151193
2016-01-28,113.8757343483032
2016-01-29,106.81519573155343
2016-02-01,114.28517588701841
2016-02-02,117.79385093064029
2016-02-03,104.74358413890128
2016-02-04,105.77815987623153
2016-02-05,109.11632214719006
2016-02-08,111.86692374424698
2016-02-09,114.61207954632219
2016-02-10,114.26008284244374
2016-02-11,106.62013397712529
2016-02-12,105.14489671093791
2016-02-16,113.33247786704014
2016-02-17,108.15022588624723
2016-02-18,116.24096936273907
2016-02-19,122.79444697867751
2016-02-22,115.09525403518512
2016-02-23,117.59687715904127
2016-02-24,116.70100591203784
2016-02-25,100.85753893506353
2016-02-26,90.48962912464415
2016-02-29,88.99870961256599
2016-03-01,92.69084988468981
2016-03-02,84.9733519211003
2016-03-03,83.21572544336716
2016-03-04,82.86329844759972
2016-03-07,85.73250325286207
2016-03-08,88.10372026429349
2016-03-09,84.53805744680075
2016-03-10,84.63977251943643
2016-03-11,81.95498312902566
2016-03-14,80.42002703557573
2016-03-15,80.3394629484348
2016-03-16,74.0945101869979
2016-03-17,72.21512300828932
2016-03-18,71.31886775639538
2016-03-21,70.8966758155106
2016-03-22,73.03298830700041
2016-03-23,76.34929358731485
2016-03-24,75.49645155696868
2016-03-28,78.41663626334483
2016-03-29,78.56873459273797
2016-03-30,75.53839759695565
2016-03-31,73.75234669442254
2016-04-01,74.67303857304731
2016-04-04,76.88799122487289
2016-04-05,74.9174998844636
2016-04-06,73.23416533840633
2016-04-07,71.38895421066493
2016-04-08,67.34350811921286
2016-04-11,66.03399939693374
2016-04-12,64.40268103918832
2016-04-13,66.7258318197109
2016-04-14,65.83638408268787
2016-04-15,65.68204666863902
2016-04-18,64.34388227127292
2016-04-19,61.78655781226016
2016-04-20,59.209007987238614
2016-04-21,60.55843045921422
2016-04-22,57.75249896716895
2016-04-25,58.34120849748079
2016-04-26,56.426812074573576
2016-04-27,56.56928296032188
2016-04-28,57.424718051636404
2016-04-29,59.36282073487825
2016-05-02,58.78871869520638
2016-05-03,61.21768191156906
2016-05-04,61.3937114782571
2016-05-05,54.284363308713935
2016-05-06,56.03421533831357
2016-05-09,54.91200493305613
2016-05-10,53.587233864747375
2016-05-11,53.607128899303945
2016-05-12,52.59716768725193
2016-05-13,52.503658990825166
2016-05-16,51.74059593849483
2016-05-17,50.17667740793028
2016-05-18,50.21524187802304
2016-05-19,50.243219672791064
2016-05-20,51.19201097735162
2016-05-23,51.36709556413848
2016-05-24,52.84491506135657
2016-05-25,52.45870264963678
2016-05-26,52.435572727890694
2016-05-27,52.30848105266449
2016-05-31,53.395517841364864
2016-06-01,53.10314117567781
2016-06-02,53.782824095185596
2016-06-03,54.21523299191805
2016-06-06,54.859538899444544
2016-06-07,53.40465552722109
2016-06-08,54.05370934721868
2016-06-09,53.92815084713446
2016-06-10,55.067345105160854
2016-06-13,53.87734626279648
2016-06-14,52.372357323088906
2016-06-15,52.686803677256684
2016-06-16,54.18478483188727
2016-06-17,51.7141719116562
2016-06-20,51.96602668518206
2016-06-21,49.98763834787316
2016-06-22,49.695617928286005
2016-06-23,49.78323617340326
2016-06-24,49.66145984560698
2016-06-27,50.62197413890744
2016-06-28,48.91209998320194
2016-06-29,49.602075857582875
2016-06-30,52.16350539946966
2016-07-01,51.829087433788686
2016-07-05,52.68596577053287
2016-07-06,53.10840475324137
2016-07-07,54.620623085456906
2016-07-08,56.22903185462606
2016-07-11,57.35257732212574
2016-07-12,54.25624110244822
2016-07-13,54.60674822529093
2016-07-14,53.96700967362343
2016-07-15,53.45010744305669
2016-07-18,52.74760690694332
2016-07-19,52.98035490374785
2016-07-20,52.880003235601244
2016-07-21,54.1732440139404
2016-07-22,55.14951932431628
2016-07-25,58.40469663876487
2016-07-26,57.773406972554696
2016-07-27,60.65458187028242
2016-07-28,59.11810646576608
2016-07-29,55.96146633308681
2016-08-01,59.82884189766043
2016-08-02,56.81915039388059
2016-08-03,53.584468291934655
2016-08-04,54.3608938053592
2016-08-05,54.51793607693224
2016-08-08,54.06657866258359
2016-08-09,54.83964716886348
2016-08-10,54.358365762268164
2016-08-11,53.09540270586091
2016-08-12,52.77465357408188
2016-08-15,52.340018953060316
2016-08-16,52.24458836661042
2016-08-17,51.4994802961027
2016-08-18,50.72372462741237
2016-08-19,51.24983152501306
2016-08-22,56.1956134274758
2016-08-23,54.68292673370684
2016-08-24,57.97989431592292
2016-08-25,59.013218473261844
2016-08-26,55.185498676083064
2016-08-29,53.306846612282875
2016-08-30,52.68299651919561
2016-08-31,52.73418484860749
2016-09-01,54.04520843768363
2016-09-02,51.66435642071185
2016-09-06,52.924030665593534
2016-09-07,53.02189103487765
2016-09-08,49.87303129585441
2016-09-09,50.041803841712785
2016-09-12,50.94365938319173
2016-09-13,52.40537262704666
2016-09-14,53.788261891287924
2016-09-15,53.554501715989836
2016-09-16,53.53107773731015
2016-09-19,54.93538990504273
2016-09-20,56.59117705664875
2016-09-21,54.68114521051214
2016-09-22,55.85080488273674
2016-09-23,57.34751733257209
2016-09-26,56.276312522117216
2016-09-27,59.70480334748977
2016-09-28,58.11889437780642
2016-09-29,53.877908405254296
2016-09-30,53.541217563690125
2016-10-03,51.14274313338278
2016-10-04,51.94153013796096
2016-10-05,49.22487874401802
2016-10-06,49.065311807560995
2016-10-07,49.01266297943352
2016-10-10,48.38249092770269
2016-10-11,47.95289809237925
2016-10-12,48.49281598068278
2016-10-13,48.53705253314488
2016-10-14,49.38286390376007
2016-10-17,47.862114298432964
2016-10-18,48.67148928643277
2016-10-19,47.528123069542175
2016-10-20,47.68296430854912
2016-10-21,48.218563823969895
2016-10-24,47.65994634193122
2016-10-25,47.97939545999445
2016-10-26,47.926819752377796
2016-10-27,47.65809906922072
2016-10-28,46.94244860212627
2016-10-31,47.700132152815506
2016-11-01,46.96111371760108
2016-11-02,46.34282059546801
2016-11-03,46.729633693683674
2016-11-04,47.791122151225274
2016-11-07,48.12217063406176
2016-11-08,49.418073482630724
2016-11-09,49.73702335193383
2016-11-10,50.30547875198121
2016-11-11,53.18105938408946
2016-11-14,53.63237710800171
2016-11-15,52.02139079476074
2016-11-16,50.54130897257211
2016-11-17,50.62501150484403
2016-11-18,47.952665495127626
2016-11-21,46.03670890659416
2016-11-22,46.51535796576805
2016-11-23,47.07217658868588
2016-11-25,48.66153167765015
2016-11-28,50.29161985157917
2016-11-29,52.8478340538171
2016-11-30,47.36218079764506
2016-12-01,46.5974714000957
2016-12-02,47.318824832871314
2016-12-05,47.849386101387104
2016-12-06,48.34354402416085
2016-12-07,50.77351796242676
2016-12-08,52.738643972808205
2016-12-09,54.991982109834446
2016-12-12,57.81745147417341
2016-12-13,57.40146124073166
2016-12-14,57.02789982140826
2016-12-15,56.63987492461106
2016-12-16,55.8187122407639
2016-12-19,59.463539712579994
2016-12-20,61.68415062707218
2016-12-21,60.7950026443454
2016-12-22,58.47295215180268
2016-12-23,58.106704513501604
2016-12-27,58.31338635384933
2016-12-28,58.57637768735072
2016-12-29,57.84923474566934
2016-12-30,51.26097294942851
2017-01-03,52.26370212796946
2017-01-04,53.637798600861856
2017-01-05,53.518782679356434
2017-01-06,56.06324538903768
2017-01-09,60.320470229890105
2017-01-10,60.85946342282047
2017-01-11,59.561515366710566
2017-01-12,58.11601281871608
2017-01-13,61.154798780210605
2017-01-17,61.162979789616024
2017-01-18,61.51258387902461
2017-01-19,61.572063494035376
2017-01-20,62.42620682759592
2017-01-23,60.563196601510874
2017-01-24,60.3928268855738
2017-01-25,62.90235836672561
2017-01-26,61.630684837079095
2017-01-27,65.20368887418729
2017-01-30,63.5093082209646
2017-01-31,56.43309709154076
2017-02-01,56.86882631599465
2017-02-02,58.79128246275606
2017-02-03,59.82562404646073
2017-02-06,63.36097172522684
2017-02-07,65.30976985324074
2017-02-08,67.68462200130153
2017-02-09,66.62608254751817
2017-02-10,66.39984090156567
2017-02-13,66.43019434126238
2017-02-14,66.0793965700387
2017-02-15,67.79265591071166
2017-02-16,66.48437337463918
2017-02-17,65.31737868427439
2017-02-21,64.46063199593831
2017-02-22,65.2662119810917
2017-02-23,65.25744619255242
2017-02-24,67.42975571521508
2017-02-27,65.64976449829128
2017-02-28,62.370045025058985
2017-03-01,60.69893711790222
2017-03-02,60.777984665597174
2017-03-03,60.038833703609924
2017-03-06,58.86201107685997
2017-03-07,58.33033659301244
2017-03-08,63.13797199616126
2017-03-09,61.5629640253396
2017-03-10,62.13938038192824
2017-03-13,59.59628512085372
2017-03-14,61.788497434196344
2017-03-15,60.50268638851294
2017-03-16,60.0235293606296
2017-03-17,58.85212433829508
2017-03-20,59.14435268175127
2017-03-21,58.71575822223307
2017-03-22,60.79431767909043
2017-03-23,62.30129671800609
2017-03-24,61.696012689165045
2017-03-27,61.569423860031215
2017-03-28,61.17477884687495
2017-03-29,58.912995646351305
2017-03-30,58.907707822589316
2017-03-31,57.22748654515203
2017-04-03,56.03825732878213
2017-04-04,55.62235345118116
2017-04-05,56.33987904481883
2017-04-06,55.28799054779098
2017-04-07,56.58478011943459
2017-04-10,55.37342230840974
2017-04-11,55.526481040469335
2017-04-12,55.40520492242286
2017-04-13,54.95847484850586
2017-04-17,55.61607336092046
2017-04-18,55.73810971882005
2017-04-19,57.52986987967632
2017-04-20,58.47422897873182
2017-04-21,58.59523638930343
2017-04-24,59.622672042915944
2017-04-25,59.274802814984625
2017-04-26,60.49471457463408
2017-04-27,61.81030273953017
2017-04-28,60.929604290239496
2017-05-01,62.56441179450526
2017-05-02,63.40808714064999
2017-05-03,62.97826572209013
2017-05-04,67.12467286529903
2017-05-05,65.20861917678805
2017-05-08,63.430050112360675
2017-05-09,64.5432405459638
2017-05-10,62.746333058149624
2017-05-11,63.348242658157844
2017-05-12,62.7197307190192
2017-05-15,63.7471499437378
2017-05-16,63.048650335051725
2017-05-17,61.51219353179499
2017-05-18,62.83657906577848
2017-05-19,61.8792635199041
2017-05-22,62.78370258570547
2017-05-23,63.593715753192754
2017-05-24,62.79496299635856
2017-05-25,65.41738923165923
2017-05-26,66.42265288503795
2017-05-30,68.65577082979682
2017-05-31,64.98851958747254
2017-06-01,65.36847642309488
2017-06-02,69.60700989857645
2017-06-05,69.55301101000963
2017-06-06,67.17748066073757
2017-06-07,71.07042557854115
2017-06-08,75.59145667729585
2017-06-09,70.22663763067663
2017-06-12,70.99044188993625
2017-06-13,69.6857271618541
2017-06-14,74.07924006387441
2017-06-15,77.5382267332153
2017-06-16,77.21251905611477
2017-06-19,81.30723403822759
2017-06-20,81.94604720844026
2017-06-21,85.84457379738868
2017-06-22,85.75403908549968
2017-06-23,82.51516463610383
2017-06-26,87.90905647190836
2017-06-27,89.18432648664002
2017-06-28,89.53588867998378
2017-06-29,81.99839774120306
2017-06-30,78.32008662767748
2017-07-03,77.31442207140853
2017-07-05,82.29827789052423
2017-07-06,82.29369200863447
2017-07-07,85.53336435135364
2017-07-10,81.06113599026972
2017-07-11,78.8158942967441
2017-07-12,79.47976661402794
2017-07-13,76.88356733672231
2017-07-14,75.66197347401263
2017-07-17,75.40058251048004
2017-07-18,74.87143901316365
2017-07-19,73.69702720230434
2017-07-20,76.40624887431842
2017-07-21,79.5804193926654
2017-07-24,78.47091293889177
2017-07-25,75.53390117162554
2017-07-26,74.30397134213875
2017-07-27,71.85674088490548
2017-07-28,71.99033444361278
2017-07-31,68.81891219173747
2017-08-01,70.64275484183995
2017-08-02,70.91878533738317
2017-08-03,71.0043052101147
2017-08-04,67.46693559490116
2017-08-07,68.54752637327807
2017-08-08,70.98229988810274
2017-08-09,66.16706050820247
2017-08-10,63.59778978625526
2017-08-11,63.36386417757108
2017-08-14,67.66390182303586
2017-08-15,67.52509081069762
2017-08-16,69.31051361989459
2017-08-17,67.70785188623013
2017-08-18,66.01332186534576
2017-08-21,66.78782729961208
2017-08-22,66.9738991071383
2017-08-23,65.06657584501504
2017-08-24,65.45482688057388
2017-08-25,65.45989246245644
2017-08-28,67.24543949515073
2017-08-29,67.0250735510016
2017-08-30,67.58039487794187
2017-08-31,64.54212891258064
2017-09-01,63.954285100717705
2017-09-05,61.30599793786865
2017-09-06,60.11003948316301
2017-09-07,61.66290572043002
2017-09-08,63.7945222179795
2017-09-11,66.06144285754947
2017-09-12,64.366683589274
2017-09-13,62.56971154445482
2017-09-14,62.225697385012694
2017-09-15,61.871830576535864
2017-09-18,61.029206717541236
2017-09-19,60.4627745992813
2017-09-20,60.0810936401185
2017-09-21,58.966483648967646
2017-09-22,58.40112125839712
2017-09-25,57.16114159354675
2017-09-26,58.04675820639195
2017-09-27,56.86280754577101
2017-09-28,57.61782301501131
2017-09-29,53.84136853229177
2017-10-02,53.77548995563808
2017-10-03,54.82760454531244
2017-10-04,56.73455612470396
2017-10-05,56.01137889766325
2017-10-06,58.37328559810458
2017-10-09,57.388431957559874
2017-10-10,57.556691084996615
2017-10-11,57.37044962898584
2017-10-12,58.07933973754546
2017-10-13,58.13379631674772
2017-10-16,57.38160002688611
2017-10-17,57.88517220678356
2017-10-18,58.704646149277934
2017-10-19,57.94882383912891
2017-10-20,56.52813444232063
2017-10-23,56.51855974216349
2017-10-24,56.18338064904118
2017-10-25,55.51543546275886
2017-10-26,54.69719286848386
2017-10-27,53.612964499055806
2017-10-30,51.388695392215915
2017-10-31,51.18996876688783
2017-11-01,50.07405758564896
2017-11-02,51.07098501238121
2017-11-03,49.81189041902864
2017-11-06,47.711264146917536
2017-11-07,46.19991919920209
2017-11-08,44.31713523927279
2017-11-09,41.35791690743447
2017-11-10,40.63182556957906
2017-11-13,41.392022875272446
2017-11-14,42.54764355383579
2017-11-15,41.27485266772924
2017-11-16,41.67597366492277
2017-11-17,40.964997860730435
2017-11-20,41.85056413236968
2017-11-21,41.669323113822564
2017-11-22,40.877121579776485
2017-11-24,40.41490017535171
2017-11-27,41.65373119885555
2017-11-28,43.078433690271645
2017-11-29,42.498928867941224
2017-11-30,26.581733381674542
2017-12-01,25.632420504713426
2017-12-04,25.931672472933645
2017-12-05,25.78464929707234
2017-12-06,26.022638233142498
2017-12-07,25.30762422801741
2017-12-08,24.882443726790864
2017-12-11,24.6901838665938
2017-12-12,24.84616425941481
2017-12-13,25.10149429801605
2017-12-14,25.06884152477437
2017-12-15,25.654458134039924
2017-12-18,25.00796509988235
2017-12-19,24.811090047084875
2017-12-20,24.93855001849709
2017-12-21,23.973611819066193
2017-12-22,23.59692259619763
2017-12-26,22.54104445724979
2017-12-27,22.684509208157404
2017-12-28,23.22581319722303
2017-12-29,23.30342394300729
2018-01-02,23.146220903012853
2018-01-03,22.849363545457916
2018-01-04,22.805215801180754
2018-01-05,23.040384020041653
2018-01-08,22.577216162422737
2018-01-09,22.8411240544446
2018-01-10,22.203378047494873
2018-01-11,21.5281379117969
2018-01-12,22.27092637563927
2018-01-16,22.039024690323085
2018-01-17,22.476825103233963
2018-01-18,23.223366844022426
2018-01-19,23.975000614671295
2018-01-22,23.215381396026633
2018-01-23,23.244256757066726
2018-01-24,22.585989444088302
2018-01-25,22.568963547770643
2018-01-26,22.719899094759416
2018-01-29,22.778302324043793
2018-01-30,23.56787928889494
2018-01-31,22.536531426262286
2018-02-01,21.955430605682835
2018-02-02,22.327189738326247
2018-02-05,21.227108772836623
2018-02-06,21.188952758639324
2018-02-07,21.69760967565794
2018-02-08,21.648274616537797
2018-02-09,21.925880111264696
2018-02-12,21.017724399973783
2018-02-13,21.02150384552059
2018-02-14,20.18098464121751
2018-02-15,20.38738793122604
2018-02-16,20.723899603105185
2018-02-20,19.500849672873464
2018-02-21,18.821582820161776
2018-02-22,21.10919293303906
2018-02-23,20.619181218022327
2018-02-26,20.958582097222784
2018-02-27,21.14599685408024
2018-02-28,26.43315291933184
2018-03-01,24.50757331273426
2018-03-02,24.53383515823486
2018-03-05,23.825307417528727
2018-03-06,24.078607915104353
2018-03-07,24.41928805391754
2018-03-08,24.510717200538828
2018-03-09,24.972502071690318
2018-03-12,24.44363410744181
2018-03-13,24.50504289797185
2018-03-14,23.830821303355517
2018-03-15,23.600904134952774
2018-03-16,23.33093268606964
2018-03-19,23.09520834074233
2018-03-20,23.380694762725067
2018-03-21,21.77272401224654
2018-03-22,20.944123783170433
2018-03-23,19.657616534783802
2018-03-26,20.187761216572127
2018-03-27,20.21955704221084
2018-03-28,19.651123009321562
2018-03-29,19.7466762231473
2018-04-02,19.236227028173854
2018-04-03,19.187926850076533
2018-04-04,19.70288631105129
2018-04-05,19.269933859958222
2018-04-06,19.071817625412475
2018-04-09,19.072927959774695
2018-04-10,18.9305782610691
2018-04-11,18.486873992607975
2018-04-12,19.18364981061205
2018-04-13,18.930359658197123
2018-04-16,19.240340525383065
2018-04-17,19.27919695988919
2018-04-18,18.928132896285693
2018-04-19,18.519266220846593
2018-04-20,17.999732748634578
2018-04-23,17.584159982271853
2018-04-24,17.10867631569085
2018-04-25,16.71190129679908
2018-04-26,16.820828684606415
2018-04-27,16.958553692243566
2018-04-30,16.484774347356627
2018-05-01,16.685596857767855
2018-05-02,16.509145177602313
2018-05-03,17.040713700726613
2018-05-04,17.31394645803955
2018-05-07,17.291741436432023
2018-05-08,16.740201771738935
2018-05-09,16.453792674556933
2018-05-10,16.6629964170831
2018-05-11,17.034195234026768
2018-05-14,16.942735517969684
2018-05-15,16.516892518291236
2018-05-16,16.802612034498672
2018-05-17,17.089233098284144
2018-05-18,17.310656087843554
2018-05-21,16.871706530948533
2018-05-22,17.040775905967084
2018-05-23,16.984797759497418
2018-05-24,17.086281631919217
2018-05-25,17.65114731083699
2018-05-29,17.007319051924775
2018-05-30,16.711369994572188
2018-05-31,16.197156055414364
2018-06-01,16.043961828904326
2018-06-04,17.194031635637483
2018-06-05,17.40952831758544
2018-06-06,17.973997640712597
2018-06-07,17.190038739843736
2018-06-08,17.252007391671025
2018-06-11,17.33290393205395
2018-06-12,17.785638843887547
2018-06-13,17.465180735081205
2018-06-14,17.81330099605071
2018-06-15,19.179002709016835
2018-06-18,18.540573516416604
2018-06-19,18.033744157083216
2018-06-20,18.765662271485667
2018-06-21,18.829496507979123
2018-06-22,17.686428996074447
2018-06-25,17.7684743305403
2018-06-26,17.532415972619173
2018-06-27,16.662917828399657
2018-06-28,16.9264016832234
2018-06-29,17.18732594482033
2018-07-02,17.912525006587536
2018-07-03,17.68363970138096
2018-07-05,18.307089633330666
2018-07-06,18.59486326756121
2018-07-09,18.11032269952621
2018-07-10,18.252090808404464
2018-07-11,18.699277575243727
2018-07-12,18.846620341994704
2018-07-13,18.639874407909982
2018-07-16,18.887990853836097
2018-07-17,19.13087581622837
2018-07-18,18.721561362604064
2018-07-19,18.502569838196607
2018-07-20,18.17353532173758
2018-07-23,18.224742770833302
2018-07-24,17.77991317358622
2018-07-25,19.00194680233162
2018-07-26,18.516715869492195
2018-07-27,18.593491390861207
2018-07-30,17.297265025942647
2018-07-31,17.598593037018958
2018-08-01,17.753206274501807
2018-08-02,17.570666925545858
2018-08-03,18.041898001032965
2018-08-06,18.160655697591515
2018-08-07,18.87085442961805
2018-08-08,18.44463528169638
2018-08-09,18.205692510639746
2018-08-10,18.065109708112814
2018-08-13,18.297321575492333
2018-08-14,17.790182822903418
2018-08-15,18.500843228705495
2018-08-16,18.388219598523264
2018-08-17,18.74073013227466
2018-08-20,18.97505399714003
2018-08-21,18.82541802356334
2018-08-22,18.00439747848982
2018-08-23,18.152465013737334
2018-08-24,18.221553569974418
2018-08-27,18.178469524778965
2018-08-28,18.329952939376945
2018-08-29,18.17028490608591
2018-08-30,17.859592817659873
2018-08-31,17.878342146324908
2018-09-04,18.070422633719353
2018-09-05,18.73152656182606
2018-09-06,19.457750290628628
2018-09-07,19.66617232946973
2018-09-10,19.694962843703642
2018-09-11,18.92856164403923
2018-09-12,19.086775695329532
2018-09-13,19.489588017695958
2018-09-14,19.380583810758814
2018-09-17,19.159980978724214
2018-09-18,18.514951807305344
2018-09-19,18.28000459889695
2018-09-20,19.991462791276042
2018-09-21,19.85553055451039
2018-09-24,18.465048291896107
2018-09-25,17.92944096802665
2018-09-26,17.84904589325724
2018-09-27,17.775449325425328
2018-09-28,18.260655141837077
2018-10-01,17.358572030354942
2018-10-02,17.24743584659413
2018-10-03,16.87525867243742
2018-10-04,17.25013267400195
2018-10-05,17.17584273380387
2018-10-08,17.72375298883534
2018-10-09,17.8230015856684
2018-10-10,18.007270348287
2018-10-11,18.12117704058048
2018-10-12,18.11490849885945
2018-10-15,17.47239545495123
2018-10-16,17.926627095579843
2018-10-17,18.464516563182038
2018-10-18,18.505468046052094
2018-10-19,18.230260412983238
2018-10-22,18.476933684245246
2018-10-23,19.10415882072217
2018-10-24,18.857478145389134
2018-10-25,19.26310091171167
2018-10-26,18.944429542924137
2018-10-29,19.679461473813966
2018-10-30,19.32428497905791
2018-10-31,22.745634393839897
2018-11-01,23.46454174483377
2018-11-02,24.597044449145102
2018-11-05,24.49840981085521
2018-11-06,24.51053116117328
2018-11-07,24.460782779515274
2018-11-08,25.419138049880846
2018-11-09,24.510792421473543
2018-11-12,24.846479691824694
2018-11-13,25.942454094598837
2018-11-14,25.7057015320912
2018-11-15,25.277939321316293
2018-11-16,25.001924616785764
2018-11-19,24.740520046038665
2018-11-20,25.546683059434663
2018-11-21,24.491866019220872
2018-11-23,25.346554977575472
2018-11-26,25.515826394380408
2018-11-27,25.922669118486457
2018-11-28,26.390923089755944
2018-11-29,25.53387914592163
2018-11-30,26.950912662851273
2018-12-03,25.293835517898536
2018-12-04,24.65367950201695
2018-12-06,25.517436460350886
2018-12-07,23.626531587589813
2018-12-10,24.42183673917616
2018-12-11,24.21637359398465
2018-12-12,23.77568587946176
2018-12-13,23.670351123224954
2018-12-14,23.624823172715125
2018-12-17,22.94595808540233
2018-12-18,24.985369159677496
2018-12-19,24.75958117761649
2018-12-20,26.08075415936702
2018-12-21,25.41886828762407
2018-12-24,26.339429678447434
2018-12-26,25.596903981135814
2018-12-27,25.47933355178711
2018-12-28,25.709726629983184
2018-12-31,28.7938360525846
2019-01-02,27.58586466997871
2019-01-03,26.09211188456171
2019-01-04,25.568925586211453
2019-01-07,25.422838759752075
2019-01-08,25.213504149131953
2019-01-09,25.27835629143903
2019-01-10,25.53876574217169
2019-01-11,25.71361910311488
2019-01-14,25.282362653607365
2019-01-15,25.4411805248236
2019-01-16,25.57774246886837
2019-01-17,25.26828119680535
2019-01-18,25.867217900035687
2019-01-22,25.977283873866774
2019-01-23,26.06312579579037
2019-01-24,25.546815058105384
2019-01-25,25.3994726679518
2019-01-28,24.846330969802008
2019-01-29,25.971214338048032
2019-01-30,26.043161320507885
2019-01-31,27.72011856153629
2019-02-01,27.839077085797605
2019-02-04,28.303981085282985
2019-02-05,30.311753677238148
2019-02-06,29.68686425105442
2019-02-07,30.746878309224773
2019-02-08,32.89417149536961
2019-02-11,32.304744915188486
2019-02-12,32.02930130938582
2019-02-13,31.052590000501514
2019-02-14,31.24044490388377
2019-02-15,30.010368307996355
2019-02-19,30.82746040387274
2019-02-20,30.709742803163266
2019-02-21,31.559435011369253
2019-02-22,31.3883476889615
2019-02-25,31.47675920782655
2019-02-26,30.995982535669945
2019-02-27,30.422035159094595
2019-02-28,29.24894073136512
2019-03-01,29.64925913009419
2019-03-04,29.11074044493795
2019-03-05,29.724170396603277
2019-03-06,30.130586806072277
2019-03-07,30.479710278181713
2019-03-08,31.684454843713084
2019-03-11,31.686012068350383
2019-03-12,30.956392296697903
2019-03-13,30.35662994684139
2019-03-14,30.52338926603457
2019-03-15,31.030274225650967
2019-03-18,30.66552182519201
2019-03-19,31.8816351382384
2019-03-20,30.651576008295685
2019-03-21,31.070098293019484
2019-03-22,32.37314131304458
2019-03-25,32.903447558052264
2019-03-26,31.82721267948461
2019-03-27,31.739856635272847
2019-03-28,31.250153656214973
2019-03-29,31.069408385259077
2019-04-01,30.25478520373326
2019-04-02,31.56969684364834
2019-04-03,32.15225851331757
2019-04-04,31.530680479530123
2019-04-05,30.053547272634965
2019-04-08,31.214381131071438
2019-04-09,30.92383591361864
2019-04-10,30.305214177221952
2019-04-11,30.52832519556366
2019-04-12,28.861868905106846
2019-04-15,29.036754683226253
2019-04-16,28.67359136929079
2019-04-17,27.8031818481186
2019-04-18,27.5157548866017
2019-04-22,26.94706418008536
2019-04-23,27.69176914717199
2019-04-24,28.957728577750533
2019-04-25,29.462105258513883
2019-04-26,30.093884908545594
2019-04-29,30.420280994440496
2019-04-30,33.32288640792815
2019-05-01,34.13505949282487
2019-05-02,35.86340228123359
2019-05-03,36.18201211614915
2019-05-06,35.6443746938054
2019-05-07,34.926925130357795
2019-05-08,33.87962273442378
2019-05-09,32.9645173430672
2019-05-10,33.23697530613471
2019-05-13,32.12921826422227
2019-05-14,31.780007383707602
2019-05-15,32.46683705722817
2019-05-16,32.40617752924733
2019-05-17,32.73158374320862
2019-05-20,32.20554205726415
2019-05-21,31.186284917080638
2019-05-22,31.963687418088067
2019-05-23,34.01171097680861
2019-05-24,34.36922777256785
2019-05-28,34.67565412501288
2019-05-29,34.96895218038341
2019-05-30,36.0986935805808
2019-05-31,38.09538575622727
2019-06-03,37.381526320315224
2019-06-04,32.774676498501805
2019-06-05,34.70123299458827
2019-06-06,34.015913724268536
2019-06-07,34.57331361162331
2019-06-10,34.7687967422597
2019-06-11,35.0375537413599
2019-06-12,36.74917922963873
2019-06-13,36.35498766736175
2019-06-14,36.92019943414003
2019-06-17,35.91185469300627
2019-06-18,34.80385338945483
2019-06-19,35.43713944257528
2019-06-20,34.67080139671438
2019-06-21,35.19718592613232
2019-06-24,35.80090439424327
2019-06-25,36.08627336871885
2019-06-26,33.494360731670746
2019-06-27,34.427639313301874
2019-06-28,37.2307299553548
2019-07-01,37.407291367603015
2019-07-02,38.674490278163034
2019-07-03,39.86137886476112
2019-07-05,39.02893648454192
2019-07-08,38.13771615947482
2019-07-09,37.484033643051504
2019-07-10,36.39327068251549
2019-07-11,38.086424737649416
2019-07-12,38.06292942495435
2019-07-15,40.48560520098514
2019-07-16,41.77599280714092
2019-07-17,42.63923605201087
2019-07-18,42.1055910567224
2019-07-19,42.193289253662414
2019-07-22,42.52457517885837
2019-07-23,42.28847398260371
2019-07-24,42.778863995589056
2019-07-25,42.64285088558292
2019-07-26,44.26616110868012
2019-07-29,44.77880029321602
2019-07-30,42.223229834273134
2019-07-31,41.54917820906441
2019-08-01,44.57525941198399
2019-08-02,44.40039931349645
2019-08-05,44.694491049255035
2019-08-06,45.59294464911823
2019-08-07,46.68099795184324
2019-08-08,46.43507558021238
2019-08-09,46.44011471656758
2019-08-12,48.380874699469864
2019-08-13,48.23028421715878
2019-08-14,48.80955683017772
2019-08-15,49.15902754774389
2019-08-16,48.224772582240504
2019-08-19,46.29549901712579
2019-08-20,46.592822007253616
2019-08-21,46.8573866724066
2019-08-22,48.060903302939344
2019-08-23,48.25823286185706
2019-08-26,49.84216891889003
2019-08-27,48.300813970976414
2019-08-28,46.91633762630572
2019-08-29,46.91387600147924
2019-08-30,51.43767759671355
2019-09-03,53.102336308126205
2019-09-04,51.52919326985192
2019-09-05,51.39528971831518
2019-09-06,51.427111965533314
2019-09-09,48.73803908213078
2019-09-10,48.20113084202445
2019-09-11,47.70218205775436
2019-09-12,49.97453186432495
2019-09-13,49.34530847669116
2019-09-16,38.922509231281715
2019-09-17,44.8991570002327
2019-09-18,44.918334223454316
2019-09-19,45.80181562476218
2019-09-20,44.88785687102475
2019-09-23,44.796266504233095
2019-09-24,47.469718144164304
2019-09-25,48.184645256024815
2019-09-26,49.53021863428254
2019-09-27,49.37197919151386
2019-09-30,56.66776430228192
2019-10-01,56.4651873155928
2019-10-02,56.3400643696698
2019-10-03,55.97562515517301
2019-10-04,59.46864939419092
2019-10-07,60.17879766666972
2019-10-08,61.55037930704546
2019-10-09,60.845193318975085
2019-10-10,64.46606426570915
2019-10-11,66.16684085020877
2019-10-14,65.25192914204987
2019-10-15,66.7861541802998
2019-10-16,65.65308864925804
2019-10-17,65.64131144613619
2019-10-18,68.2420414211668
2019-10-21,67.72464455527177
2019-10-22,66.33657479558683
2019-10-23,65.43448405603743
2019-10-24,70.02812931348471
2019-10-25,68.06299304071389
2019-10-28,71.6571144403857
2019-10-29,70.60040543161094
2019-10-30,71.34522906964727
2019-10-31,66.76725911621372
2019-11-01,65.5554254794444
2019-11-04,63.25183695042533
2019-11-05,62.03071381091096
2019-11-06,61.93381540385924
2019-11-07,57.092798274325254
2019-11-08,58.20699775939649
2019-11-11,60.819367789456656
2019-11-12,63.44604335666917
2019-11-13,65.58002364843396
2019-11-14,66.03627729373945
2019-11-15,64.11307674491573
2019-11-18,66.3801385268743
2019-11-19,69.74329124206261
2019-11-20,67.99749578286517
2019-11-21,65.34863269354037
2019-11-22,66.19562677872825
2019-11-25,65.92340614479284
2019-11-26,66.04824117628173
2019-11-27,66.5757604694995
2019-11-29,64.97925211662188
2019-12-02,62.433838782476975
2019-12-03,61.49063695187161
2019-12-04,63.36337911690763
2019-12-05,64.72563137064373
2019-12-06,62.68472940390388
2019-12-09,63.718640668771044
2019-12-10,63.93750585306174
2019-12-11,63.9467678533157
2019-12-12,62.559257851341435
2019-12-13,64.35738060993017
2019-12-16,66.79645824670902
2019-12-17,68.31029127960886
2019-12-18,67.75466835984486
2019-12-19,70.92106080841181
2019-12-20,75.21935433911922
2019-12-23,77.16941848098261
2019-12-24,80.24419987029512
2019-12-26,74.92507862236829
2019-12-27,74.43070745415059
2019-12-30,73.85067965476465
2019-12-31,70.16480413454967
2020-01-02,70.58471044344955
2020-01-03,69.81345784930843
2020-01-06,65.04596101977242
2020-01-07,64.41471880776027
2020-01-08,66.93539182254975
2020-01-09,67.86331360004203
2020-01-10,68.4633299176606
2020-01-13,69.40074690272499
2020-01-14,68.24979218747738
2020-01-15,67.70261451599374
2020-01-16,70.71532877540416
2020-01-17,71.8685177474066
2020-01-21,72.7237401807514
2020-01-22,76.98416754792211
2020-01-23,76.37165389155987
2020-01-24,77.39371443200203
2020-01-27,76.14841189377884
2020-01-28,77.29384429759844
2020-01-29,78.80085110699763
2020-01-30,78.66869549508375
2020-01-31,77.81615910788777
2020-02-03,80.61651983879219
2020-02-04,82.37306121426249
2020-02-05,77.59065246134118
2020-02-06,81.34898525263372
2020-02-07,82.82610976682295
2020-02-10,87.96650606180285
2020-02-11,87.82125696038472
2020-02-12,85.10069775249772
2020-02-13,83.54432364592365
2020-02-14,85.88880681596737
2020-02-18,84.1888910412536
2020-02-19,85.09567822220967
2020-02-20,85.46685770266951
2020-02-21,86.18771484433405
2020-02-24,86.8644088762106
2020-02-25,87.77680134148683
2020-02-26,89.80549518984795
2020-02-27,102.10752829172665
2020-02-28,93.8457099139278
